// Generated by tools/build_shaders.sh from fsr_easu.comp - do not edit.
#pragma once
#include <cstdint>
inline constexpr std::uint32_t k_fsr_easu_spv[] = {
0x07230203,0x00010500,0x000d000b,0x000043b7,
0x00000000,0x00020011,0x00000001,0x0006000b,
0x00000001,0x4c534c47,0x6474732e,0x3035342e,
0x00000000,0x0003000e,0x00000000,0x00000001,
0x000b000f,0x00000005,0x00000004,0x6e69616d,
0x00000000,0x000000ec,0x000000f0,0x00000502,
0x00000518,0x00000525,0x0000052b,0x00060010,
0x00000004,0x00000011,0x00000040,0x00000001,
0x00000001,0x00040047,0x000000ec,0x00000021,
0x00000000,0x00040047,0x000000ec,0x00000022,
0x00000000,0x00040047,0x000000f0,0x00000021,
0x00000001,0x00040047,0x000000f0,0x00000022,
0x00000000,0x00030047,0x00000500,0x00000002,
0x00050048,0x00000500,0x00000000,0x00000023,
0x00000000,0x00050048,0x00000500,0x00000001,
0x00000023,0x00000010,0x00050048,0x00000500,
0x00000002,0x00000023,0x00000020,0x00050048,
0x00000500,0x00000003,0x00000023,0x00000030,
0x00030047,0x00000518,0x00000019,0x00040047,
0x00000518,0x00000021,0x00000002,0x00040047,
0x00000518,0x00000022,0x00000000,0x00040047,
0x00000525,0x0000000b,0x0000001b,0x00040047,
0x0000052b,0x0000000b,0x0000001a,0x00040047,
0x0000054f,0x0000000b,0x00000019,0x00020013,
0x00000002,0x00030021,0x00000003,0x00000002,
0x00030016,0x00000006,0x00000020,0x00040017,
0x0000000c,0x00000006,0x00000002,0x00040017,
0x00000011,0x00000006,0x00000003,0x00040017,
0x00000016,0x00000006,0x00000004,0x00040015,
0x0000001b,0x00000020,0x00000000,0x00040017,
0x00000044,0x0000001b,0x00000002,0x00020014,
0x0000005f,0x00040017,0x00000071,0x0000001b,
0x00000004,0x00040015,0x00000094,0x00000020,
0x00000001,0x0004002b,0x00000094,0x0000009d,
0x00000000,0x0004002b,0x00000006,0x000000b1,
0x3f800000,0x0004002b,0x00000006,0x000000b9,
0x00000000,0x0004002b,0x0000001b,0x000000c1,
0x7ef07ebb,0x0004002b,0x0000001b,0x000000ca,
0x5f347d74,0x0004002b,0x0000001b,0x000000cf,
0x00000001,0x00090019,0x000000ea,0x00000006,
0x00000001,0x00000000,0x00000000,0x00000000,
0x00000001,0x00000000,0x00040020,0x000000eb,
0x00000000,0x000000ea,0x0004003b,0x000000eb,
0x000000ec,0x00000000,0x0002001a,0x000000ee,
0x00040020,0x000000ef,0x00000000,0x000000ee,
0x0004003b,0x000000ef,0x000000f0,0x00000000,
0x0003001b,0x000000f2,0x000000ea,0x0004002b,
0x00000094,0x000000fc,0x00000001,0x0004002b,
0x00000094,0x00000104,0x00000002,0x0004002b,
0x0000001b,0x00000109,0x00000000,0x0004002b,
0x00000006,0x00000136,0x3ecccccd,0x0004002b,
0x00000006,0x0000013b,0xbf800000,0x0004002b,
0x00000006,0x0000014c,0x3fc80000,0x0004002b,
0x00000006,0x00000151,0xbf100000,0x0004002b,
0x00000006,0x00000244,0x3f000000,0x0004002b,
0x00000006,0x00000308,0x38000000,0x0005002c,
0x0000000c,0x000003af,0x000000b9,0x0000013b,
0x0005002c,0x0000000c,0x000003ca,0x000000b1,
0x0000013b,0x0005002c,0x0000000c,0x000003e5,
0x0000013b,0x000000b1,0x0005002c,0x0000000c,
0x00000400,0x000000b9,0x000000b1,0x0005002c,
0x0000000c,0x00000436,0x0000013b,0x000000b9,
0x0005002c,0x0000000c,0x00000451,0x000000b1,
0x000000b1,0x0004002b,0x00000006,0x0000046c,
0x40000000,0x0005002c,0x0000000c,0x0000046d,
0x0000046c,0x000000b1,0x0005002c,0x0000000c,
0x00000488,0x0000046c,0x000000b9,0x0005002c,
0x0000000c,0x000004a3,0x000000b1,0x000000b9,
0x0005002c,0x0000000c,0x000004be,0x000000b1,
0x0000046c,0x0005002c,0x0000000c,0x000004d9,
0x000000b9,0x0000046c,0x0006001e,0x00000500,
0x00000071,0x00000071,0x00000071,0x00000071,
0x00040020,0x00000501,0x00000009,0x00000500,
0x0004003b,0x00000501,0x00000502,0x00000009,
0x0004002b,0x00000094,0x00000503,0x00000003,
0x00040020,0x00000508,0x00000009,0x00000071,
0x00090019,0x00000516,0x00000006,0x00000001,
0x00000000,0x00000000,0x00000000,0x00000002,
0x00000004,0x00040020,0x00000517,0x00000000,
0x00000516,0x0004003b,0x00000517,0x00000518,
0x00000000,0x00040017,0x0000051b,0x00000094,
0x00000002,0x00040017,0x00000523,0x0000001b,
0x00000003,0x00040020,0x00000524,0x00000001,
0x00000523,0x0004003b,0x00000524,0x00000525,
0x00000001,0x00040020,0x00000527,0x00000001,
0x0000001b,0x0004003b,0x00000524,0x0000052b,
0x00000001,0x0004002b,0x0000001b,0x0000052e,
0x00000004,0x0004002b,0x0000001b,0x00000538,
0x00000008,0x0004002b,0x0000001b,0x0000054e,
0x00000040,0x0006002c,0x00000523,0x0000054f,
0x0000054e,0x000000cf,0x000000cf,0x0007002c,
0x00000016,0x00004361,0x00000244,0x00000244,
0x00000244,0x00000244,0x0004002b,0x00000006,
0x00004367,0x3e800000,0x0004002b,0x00000006,
0x00004369,0xbe000000,0x0004002b,0x00000006,
0x0000436a,0xbd947ae1,0x00050036,0x00000002,
0x00000004,0x00000000,0x00000003,0x000200f8,
0x00000005,0x00050041,0x00000527,0x00000528,
0x00000525,0x00000109,0x0004003d,0x0000001b,
0x00000529,0x00000528,0x000600cb,0x0000001b,
0x00000569,0x00000529,0x000000fc,0x00000503,
0x000600cb,0x0000001b,0x00000571,0x00000529,
0x00000503,0x00000503,0x000700c9,0x0000001b,
0x00000578,0x00000571,0x00000529,0x0000009d,
0x000000fc,0x00050050,0x00000044,0x00000561,
0x00000569,0x00000578,0x00050041,0x00000527,
0x0000052c,0x0000052b,0x00000109,0x0004003d,
0x0000001b,0x0000052d,0x0000052c,0x000500c4,
0x0000001b,0x0000052f,0x0000052d,0x0000052e,
0x00050041,0x00000527,0x00000530,0x0000052b,
0x000000cf,0x0004003d,0x0000001b,0x00000531,
0x00000530,0x000500c4,0x0000001b,0x00000532,
0x00000531,0x0000052e,0x00050050,0x00000044,
0x00000533,0x0000052f,0x00000532,0x00050080,
0x00000044,0x00000534,0x00000561,0x00000533,
0x00050041,0x00000508,0x00000582,0x00000502,
0x0000009d,0x0004003d,0x00000071,0x00000583,
0x00000582,0x00050041,0x00000508,0x00000584,
0x00000502,0x000000fc,0x0004003d,0x00000071,
0x00000585,0x00000584,0x00050041,0x00000508,
0x00000586,0x00000502,0x00000104,0x0004003d,
0x00000071,0x00000587,0x00000586,0x00050041,
0x00000508,0x00000588,0x00000502,0x00000503,
0x0004003d,0x00000071,0x00000589,0x00000588,
0x00040070,0x0000000c,0x00000685,0x00000534,
0x0007004f,0x00000044,0x00000687,0x00000583,
0x00000583,0x00000000,0x00000001,0x0004007c,
0x0000000c,0x00000688,0x00000687,0x00050085,
0x0000000c,0x00000689,0x00000685,0x00000688,
0x0007004f,0x00000044,0x0000068b,0x00000583,
0x00000583,0x00000002,0x00000003,0x0004007c,
0x0000000c,0x0000068c,0x0000068b,0x00050081,
0x0000000c,0x0000068d,0x00000689,0x0000068c,
0x0006000c,0x0000000c,0x0000068f,0x00000001,
0x00000008,0x0000068d,0x00050083,0x0000000c,
0x00000692,0x0000068d,0x0000068f,0x0007004f,
0x00000044,0x00000695,0x00000585,0x00000585,
0x00000000,0x00000001,0x0004007c,0x0000000c,
0x00000696,0x00000695,0x00050085,0x0000000c,
0x00000697,0x0000068f,0x00000696,0x0007004f,
0x00000044,0x00000699,0x00000585,0x00000585,
0x00000002,0x00000003,0x0004007c,0x0000000c,
0x0000069a,0x00000699,0x00050081,0x0000000c,
0x0000069b,0x00000697,0x0000069a,0x0007004f,
0x00000044,0x0000069e,0x00000587,0x00000587,
0x00000000,0x00000001,0x0004007c,0x0000000c,
0x0000069f,0x0000069e,0x00050081,0x0000000c,
0x000006a0,0x0000069b,0x0000069f,0x0007004f,
0x00000044,0x000006a3,0x00000587,0x00000587,
0x00000002,0x00000003,0x0004007c,0x0000000c,
0x000006a4,0x000006a3,0x00050081,0x0000000c,
0x000006a5,0x0000069b,0x000006a4,0x0007004f,
0x00000044,0x000006a8,0x00000589,0x00000589,
0x00000000,0x00000001,0x0004007c,0x0000000c,
0x000006a9,0x000006a8,0x00050081,0x0000000c,
0x000006aa,0x0000069b,0x000006a9,0x0004003d,
0x000000ea,0x0000089d,0x000000ec,0x0004003d,
0x000000ee,0x0000089e,0x000000f0,0x00050056,
0x000000f2,0x0000089f,0x0000089d,0x0000089e,
0x00060060,0x00000016,0x000008a1,0x0000089f,
0x0000069b,0x0000009d,0x0004003d,0x000000ea,
0x000008a4,0x000000ec,0x0004003d,0x000000ee,
0x000008a5,0x000000f0,0x00050056,0x000000f2,
0x000008a6,0x000008a4,0x000008a5,0x00060060,
0x00000016,0x000008a8,0x000008a6,0x0000069b,
0x000000fc,0x0004003d,0x000000ea,0x000008ab,
0x000000ec,0x0004003d,0x000000ee,0x000008ac,
0x000000f0,0x00050056,0x000000f2,0x000008ad,
0x000008ab,0x000008ac,0x00060060,0x00000016,
0x000008af,0x000008ad,0x0000069b,0x00000104,
0x0004003d,0x000000ea,0x000008b2,0x000000ec,
0x0004003d,0x000000ee,0x000008b3,0x000000f0,
0x00050056,0x000000f2,0x000008b4,0x000008b2,
0x000008b3,0x00060060,0x00000016,0x000008b6,
0x000008b4,0x000006a0,0x0000009d,0x0004003d,
0x000000ea,0x000008b9,0x000000ec,0x0004003d,
0x000000ee,0x000008ba,0x000000f0,0x00050056,
0x000000f2,0x000008bb,0x000008b9,0x000008ba,
0x00060060,0x00000016,0x000008bd,0x000008bb,
0x000006a0,0x000000fc,0x0004003d,0x000000ea,
0x000008c0,0x000000ec,0x0004003d,0x000000ee,
0x000008c1,0x000000f0,0x00050056,0x000000f2,
0x000008c2,0x000008c0,0x000008c1,0x00060060,
0x00000016,0x000008c4,0x000008c2,0x000006a0,
0x00000104,0x0004003d,0x000000ea,0x000008c7,
0x000000ec,0x0004003d,0x000000ee,0x000008c8,
0x000000f0,0x00050056,0x000000f2,0x000008c9,
0x000008c7,0x000008c8,0x00060060,0x00000016,
0x000008cb,0x000008c9,0x000006a5,0x0000009d,
0x0004003d,0x000000ea,0x000008ce,0x000000ec,
0x0004003d,0x000000ee,0x000008cf,0x000000f0,
0x00050056,0x000000f2,0x000008d0,0x000008ce,
0x000008cf,0x00060060,0x00000016,0x000008d2,
0x000008d0,0x000006a5,0x000000fc,0x0004003d,
0x000000ea,0x000008d5,0x000000ec,0x0004003d,
0x000000ee,0x000008d6,0x000000f0,0x00050056,
0x000000f2,0x000008d7,0x000008d5,0x000008d6,
0x00060060,0x00000016,0x000008d9,0x000008d7,
0x000006a5,0x00000104,0x0004003d,0x000000ea,
0x000008dc,0x000000ec,0x0004003d,0x000000ee,
0x000008dd,0x000000f0,0x00050056,0x000000f2,
0x000008de,0x000008dc,0x000008dd,0x00060060,
0x00000016,0x000008e0,0x000008de,0x000006aa,
0x0000009d,0x0004003d,0x000000ea,0x000008e3,
0x000000ec,0x0004003d,0x000000ee,0x000008e4,
0x000000f0,0x00050056,0x000000f2,0x000008e5,
0x000008e3,0x000008e4,0x00060060,0x00000016,
0x000008e7,0x000008e5,0x000006aa,0x000000fc,
0x0004003d,0x000000ea,0x000008ea,0x000000ec,
0x0004003d,0x000000ee,0x000008eb,0x000000f0,
0x00050056,0x000000f2,0x000008ec,0x000008ea,
0x000008eb,0x00060060,0x00000016,0x000008ee,
0x000008ec,0x000006aa,0x00000104,0x00050085,
0x00000016,0x000006c5,0x000008af,0x00004361,
0x00050085,0x00000016,0x000006c8,0x000008a1,
0x00004361,0x00050081,0x00000016,0x000006ca,
0x000006c8,0x000008a8,0x00050081,0x00000016,
0x000006cb,0x000006c5,0x000006ca,0x00050085,
0x00000016,0x000006ce,0x000008c4,0x00004361,
0x00050085,0x00000016,0x000006d1,0x000008b6,
0x00004361,0x00050081,0x00000016,0x000006d3,
0x000006d1,0x000008bd,0x00050081,0x00000016,
0x000006d4,0x000006ce,0x000006d3,0x00050085,
0x00000016,0x000006d7,0x000008d9,0x00004361,
0x00050085,0x00000016,0x000006da,0x000008cb,
0x00004361,0x00050081,0x00000016,0x000006dc,
0x000006da,0x000008d2,0x00050081,0x00000016,
0x000006dd,0x000006d7,0x000006dc,0x00050085,
0x00000016,0x000006e0,0x000008ee,0x00004361,
0x00050085,0x00000016,0x000006e3,0x000008e0,
0x00004361,0x00050081,0x00000016,0x000006e5,
0x000006e3,0x000008e7,0x00050081,0x00000016,
0x000006e6,0x000006e0,0x000006e5,0x00050051,
0x00000006,0x000006e8,0x000006cb,0x00000000,
0x00050051,0x00000006,0x000006ea,0x000006cb,
0x00000001,0x00050051,0x00000006,0x000006ec,
0x000006d4,0x00000000,0x00050051,0x00000006,
0x000006ee,0x000006d4,0x00000001,0x00050051,
0x00000006,0x000006f0,0x000006d4,0x00000002,
0x00050051,0x00000006,0x000006f2,0x000006d4,
0x00000003,0x00050051,0x00000006,0x000006f4,
0x000006dd,0x00000000,0x00050051,0x00000006,
0x000006f6,0x000006dd,0x00000001,0x00050051,
0x00000006,0x000006f8,0x000006dd,0x00000002,
0x00050051,0x00000006,0x000006fa,0x000006dd,
0x00000003,0x00050051,0x00000006,0x000006fc,
0x000006e6,0x00000002,0x00050051,0x00000006,
0x000006fe,0x000006e6,0x00000003,0x00050051,
0x00000006,0x0000092e,0x00000692,0x00000000,
0x00050083,0x00000006,0x0000092f,0x000000b1,
0x0000092e,0x00050051,0x00000006,0x00000932,
0x00000692,0x00000001,0x00050083,0x00000006,
0x00000933,0x000000b1,0x00000932,0x00050085,
0x00000006,0x00000934,0x0000092f,0x00000933,
0x00050083,0x00000006,0x00000954,0x000006fa,
0x000006f0,0x00050083,0x00000006,0x00000957,
0x000006f0,0x000006f2,0x0006000c,0x00000006,
0x00000959,0x00000001,0x00000004,0x00000954,
0x0006000c,0x00000006,0x0000095b,0x00000001,
0x00000004,0x00000957,0x0007000c,0x00000006,
0x0000095c,0x00000001,0x00000028,0x00000959,
0x0000095b,0x0004007c,0x0000001b,0x000009ae,
0x0000095c,0x00050082,0x0000001b,0x000009af,
0x000000c1,0x000009ae,0x0004007c,0x00000006,
0x000009b0,0x000009af,0x00050083,0x00000006,
0x00000961,0x000006fa,0x000006f2,0x00050085,
0x00000006,0x00000964,0x00000961,0x00000934,
0x0006000c,0x00000006,0x0000096a,0x00000001,
0x00000004,0x00000961,0x00050085,0x00000006,
0x0000096c,0x0000096a,0x000009b0,0x0008000c,
0x00000006,0x000009bb,0x00000001,0x0000002b,
0x0000096c,0x000000b9,0x000000b1,0x00050085,
0x00000006,0x00000970,0x000009bb,0x000009bb,
0x00050083,0x00000006,0x00000978,0x000006ee,
0x000006f0,0x00050083,0x00000006,0x0000097b,
0x000006f0,0x000006e8,0x0006000c,0x00000006,
0x0000097d,0x00000001,0x00000004,0x00000978,
0x0006000c,0x00000006,0x0000097f,0x00000001,
0x00000004,0x0000097b,0x0007000c,0x00000006,
0x00000980,0x00000001,0x00000028,0x0000097d,
0x0000097f,0x0004007c,0x0000001b,0x000009c7,
0x00000980,0x00050082,0x0000001b,0x000009c8,
0x000000c1,0x000009c7,0x0004007c,0x00000006,
0x000009c9,0x000009c8,0x00050083,0x00000006,
0x00000985,0x000006ee,0x000006e8,0x00050085,
0x00000006,0x00000988,0x00000985,0x00000934,
0x0006000c,0x00000006,0x0000098e,0x00000001,
0x00000004,0x00000985,0x00050085,0x00000006,
0x00000990,0x0000098e,0x000009c9,0x0008000c,
0x00000006,0x000009d4,0x00000001,0x0000002b,
0x00000990,0x000000b9,0x000000b1,0x00050085,
0x00000006,0x00000994,0x000009d4,0x000009d4,
0x00050081,0x00000006,0x000043ab,0x00000970,
0x00000994,0x00050085,0x00000006,0x00000999,
0x00000934,0x000043ab,0x00050085,0x00000006,
0x00000a03,0x0000092e,0x00000933,0x00050083,
0x00000006,0x00000a19,0x000006f8,0x000006fa,
0x0006000c,0x00000006,0x00000a1e,0x00000001,
0x00000004,0x00000a19,0x0007000c,0x00000006,
0x00000a21,0x00000001,0x00000028,0x00000a1e,
0x00000959,0x0004007c,0x0000001b,0x00000a73,
0x00000a21,0x00050082,0x0000001b,0x00000a74,
0x000000c1,0x00000a73,0x0004007c,0x00000006,
0x00000a75,0x00000a74,0x00050083,0x00000006,
0x00000a26,0x000006f8,0x000006f0,0x00050085,
0x00000006,0x00000a29,0x00000a26,0x00000a03,
0x00050081,0x00000006,0x00000a2c,0x00000964,
0x00000a29,0x0006000c,0x00000006,0x00000a2f,
0x00000001,0x00000004,0x00000a26,0x00050085,
0x00000006,0x00000a31,0x00000a2f,0x00000a75,
0x0008000c,0x00000006,0x00000a80,0x00000001,
0x0000002b,0x00000a31,0x000000b9,0x000000b1,
0x00050085,0x00000006,0x00000a35,0x00000a80,
0x00000a80,0x00050085,0x00000006,0x00000a38,
0x00000a35,0x00000a03,0x00050081,0x00000006,
0x00000a3a,0x00000999,0x00000a38,0x00050083,
0x00000006,0x00000a3d,0x000006f4,0x000006fa,
0x00050083,0x00000006,0x00000a40,0x000006fa,
0x000006ea,0x0006000c,0x00000006,0x00000a42,
0x00000001,0x00000004,0x00000a3d,0x0006000c,
0x00000006,0x00000a44,0x00000001,0x00000004,
0x00000a40,0x0007000c,0x00000006,0x00000a45,
0x00000001,0x00000028,0x00000a42,0x00000a44,
0x0004007c,0x0000001b,0x00000a8c,0x00000a45,
0x00050082,0x0000001b,0x00000a8d,0x000000c1,
0x00000a8c,0x0004007c,0x00000006,0x00000a8e,
0x00000a8d,0x00050083,0x00000006,0x00000a4a,
0x000006f4,0x000006ea,0x00050085,0x00000006,
0x00000a4d,0x00000a4a,0x00000a03,0x00050081,
0x00000006,0x00000a50,0x00000988,0x00000a4d,
0x0006000c,0x00000006,0x00000a53,0x00000001,
0x00000004,0x00000a4a,0x00050085,0x00000006,
0x00000a55,0x00000a53,0x00000a8e,0x0008000c,
0x00000006,0x00000a99,0x00000001,0x0000002b,
0x00000a55,0x000000b9,0x000000b1,0x00050085,
0x00000006,0x00000a59,0x00000a99,0x00000a99,
0x00050085,0x00000006,0x00000a5c,0x00000a59,
0x00000a03,0x00050081,0x00000006,0x00000a5e,
0x00000a3a,0x00000a5c,0x00050085,0x00000006,
0x00000ad2,0x0000092f,0x00000932,0x00050083,
0x00000006,0x00000ade,0x000006f4,0x000006ee,
0x00050083,0x00000006,0x00000ae1,0x000006ee,
0x000006ec,0x0006000c,0x00000006,0x00000ae3,
0x00000001,0x00000004,0x00000ade,0x0006000c,
0x00000006,0x00000ae5,0x00000001,0x00000004,
0x00000ae1,0x0007000c,0x00000006,0x00000ae6,
0x00000001,0x00000028,0x00000ae3,0x00000ae5,
0x0004007c,0x0000001b,0x00000b38,0x00000ae6,
0x00050082,0x0000001b,0x00000b39,0x000000c1,
0x00000b38,0x0004007c,0x00000006,0x00000b3a,
0x00000b39,0x00050083,0x00000006,0x00000aeb,
0x000006f4,0x000006ec,0x00050085,0x00000006,
0x00000aee,0x00000aeb,0x00000ad2,0x00050081,
0x00000006,0x00000af1,0x00000a2c,0x00000aee,
0x0006000c,0x00000006,0x00000af4,0x00000001,
0x00000004,0x00000aeb,0x00050085,0x00000006,
0x00000af6,0x00000af4,0x00000b3a,0x0008000c,
0x00000006,0x00000b45,0x00000001,0x0000002b,
0x00000af6,0x000000b9,0x000000b1,0x00050085,
0x00000006,0x00000afa,0x00000b45,0x00000b45,
0x00050085,0x00000006,0x00000afd,0x00000afa,
0x00000ad2,0x00050081,0x00000006,0x00000aff,
0x00000a5e,0x00000afd,0x00050083,0x00000006,
0x00000b02,0x000006fe,0x000006ee,0x0006000c,
0x00000006,0x00000b07,0x00000001,0x00000004,
0x00000b02,0x0007000c,0x00000006,0x00000b0a,
0x00000001,0x00000028,0x00000b07,0x0000097d,
0x0004007c,0x0000001b,0x00000b51,0x00000b0a,
0x00050082,0x0000001b,0x00000b52,0x000000c1,
0x00000b51,0x0004007c,0x00000006,0x00000b53,
0x00000b52,0x00050083,0x00000006,0x00000b0f,
0x000006fe,0x000006f0,0x00050085,0x00000006,
0x00000b12,0x00000b0f,0x00000ad2,0x00050081,
0x00000006,0x00000b15,0x00000a50,0x00000b12,
0x0006000c,0x00000006,0x00000b18,0x00000001,
0x00000004,0x00000b0f,0x00050085,0x00000006,
0x00000b1a,0x00000b18,0x00000b53,0x0008000c,
0x00000006,0x00000b5e,0x00000001,0x0000002b,
0x00000b1a,0x000000b9,0x000000b1,0x00050085,
0x00000006,0x00000b1e,0x00000b5e,0x00000b5e,
0x00050085,0x00000006,0x00000b21,0x00000b1e,
0x00000ad2,0x00050081,0x00000006,0x00000b23,
0x00000aff,0x00000b21,0x00050085,0x00000006,
0x00000b9f,0x0000092e,0x00000932,0x00050083,
0x00000006,0x00000ba3,0x000006f6,0x000006f4,
0x0006000c,0x00000006,0x00000ba8,0x00000001,
0x00000004,0x00000ba3,0x0007000c,0x00000006,
0x00000bab,0x00000001,0x00000028,0x00000ba8,
0x00000ae3,0x0004007c,0x0000001b,0x00000bfd,
0x00000bab,0x00050082,0x0000001b,0x00000bfe,
0x000000c1,0x00000bfd,0x0004007c,0x00000006,
0x00000bff,0x00000bfe,0x00050083,0x00000006,
0x00000bb0,0x000006f6,0x000006ee,0x00050085,
0x00000006,0x00000bb3,0x00000bb0,0x00000b9f,
0x00050081,0x00000006,0x00000bb6,0x00000af1,
0x00000bb3,0x0006000c,0x00000006,0x00000bb9,
0x00000001,0x00000004,0x00000bb0,0x00050085,
0x00000006,0x00000bbb,0x00000bb9,0x00000bff,
0x0008000c,0x00000006,0x00000c0a,0x00000001,
0x0000002b,0x00000bbb,0x000000b9,0x000000b1,
0x00050085,0x00000006,0x00000bbf,0x00000c0a,
0x00000c0a,0x00050085,0x00000006,0x00000bc2,
0x00000bbf,0x00000b9f,0x00050081,0x00000006,
0x00000bc4,0x00000b23,0x00000bc2,0x00050083,
0x00000006,0x00000bc7,0x000006fc,0x000006f4,
0x0006000c,0x00000006,0x00000bcc,0x00000001,
0x00000004,0x00000bc7,0x0007000c,0x00000006,
0x00000bcf,0x00000001,0x00000028,0x00000bcc,
0x00000a42,0x0004007c,0x0000001b,0x00000c16,
0x00000bcf,0x00050082,0x0000001b,0x00000c17,
0x000000c1,0x00000c16,0x0004007c,0x00000006,
0x00000c18,0x00000c17,0x00050083,0x00000006,
0x00000bd4,0x000006fc,0x000006fa,0x00050085,
0x00000006,0x00000bd7,0x00000bd4,0x00000b9f,
0x00050081,0x00000006,0x00000bda,0x00000b15,
0x00000bd7,0x00050050,0x0000000c,0x00004366,
0x00000bb6,0x00000bda,0x0006000c,0x00000006,
0x00000bdd,0x00000001,0x00000004,0x00000bd4,
0x00050085,0x00000006,0x00000bdf,0x00000bdd,
0x00000c18,0x0008000c,0x00000006,0x00000c23,
0x00000001,0x0000002b,0x00000bdf,0x000000b9,
0x000000b1,0x00050085,0x00000006,0x00000be3,
0x00000c23,0x00000c23,0x00050085,0x00000006,
0x00000be6,0x00000be3,0x00000b9f,0x00050081,
0x00000006,0x00000be8,0x00000bc4,0x00000be6,
0x00050085,0x0000000c,0x0000072f,0x00004366,
0x00004366,0x00050051,0x00000006,0x00000731,
0x0000072f,0x00000000,0x00050051,0x00000006,
0x00000733,0x0000072f,0x00000001,0x00050081,
0x00000006,0x00000734,0x00000731,0x00000733,
0x000500b8,0x0000005f,0x00000737,0x00000734,
0x00000308,0x0004007c,0x0000001b,0x00000c33,
0x00000734,0x000500c2,0x0000001b,0x00000c35,
0x00000c33,0x000000cf,0x00050082,0x0000001b,
0x00000c36,0x000000ca,0x00000c35,0x0004007c,
0x00000006,0x00000c37,0x00000c36,0x000600a9,
0x00000006,0x000043af,0x00000737,0x000000b1,
0x00000c37,0x000600a9,0x00000006,0x000043b0,
0x00000737,0x000000b1,0x00000bb6,0x00060052,
0x0000000c,0x000034f1,0x000043b0,0x00004366,
0x00000000,0x00050050,0x0000000c,0x00000c47,
0x000043af,0x000043af,0x00050085,0x0000000c,
0x0000074d,0x000034f1,0x00000c47,0x00050085,
0x00000006,0x00004368,0x00000be8,0x00000be8,
0x00050085,0x00000006,0x00000753,0x00004367,
0x00004368,0x00050051,0x00000006,0x00000755,
0x0000074d,0x00000000,0x00050085,0x00000006,
0x00000758,0x00000755,0x00000755,0x00050051,
0x00000006,0x0000075a,0x0000074d,0x00000001,
0x00050085,0x00000006,0x0000075d,0x0000075a,
0x0000075a,0x00050081,0x00000006,0x0000075e,
0x00000758,0x0000075d,0x0006000c,0x00000006,
0x00000761,0x00000001,0x00000004,0x00000755,
0x0006000c,0x00000006,0x00000764,0x00000001,
0x00000004,0x0000075a,0x0007000c,0x00000006,
0x00000765,0x00000001,0x00000028,0x00000761,
0x00000764,0x0004007c,0x0000001b,0x00000c50,
0x00000765,0x00050082,0x0000001b,0x00000c51,
0x000000c1,0x00000c50,0x0004007c,0x00000006,
0x00000c52,0x00000c51,0x00050085,0x00000006,
0x00000767,0x0000075e,0x00000c52,0x00050083,
0x00000006,0x0000076b,0x00000767,0x000000b1,
0x00050085,0x00000006,0x0000076d,0x0000076b,
0x00000753,0x00050081,0x00000006,0x0000076e,
0x000000b1,0x0000076d,0x00050085,0x00000006,
0x00000772,0x00004368,0x00004369,0x00050081,
0x00000006,0x00000773,0x000000b1,0x00000772,
0x00050050,0x0000000c,0x00000774,0x0000076e,
0x00000773,0x00050085,0x00000006,0x00000778,
0x00004368,0x0000436a,0x00050081,0x00000006,
0x00000779,0x00000244,0x00000778,0x0004007c,
0x0000001b,0x00000c6d,0x00000779,0x00050082,
0x0000001b,0x00000c6e,0x000000c1,0x00000c6d,
0x0004007c,0x00000006,0x00000c6f,0x00000c6e,
0x00050051,0x00000006,0x0000077d,0x000008b6,
0x00000002,0x00050051,0x00000006,0x0000077f,
0x000008bd,0x00000002,0x00050051,0x00000006,
0x00000781,0x000008c4,0x00000002,0x00060050,
0x00000011,0x00000782,0x0000077d,0x0000077f,
0x00000781,0x00050051,0x00000006,0x00000784,
0x000008cb,0x00000003,0x00050051,0x00000006,
0x00000786,0x000008d2,0x00000003,0x00050051,
0x00000006,0x00000788,0x000008d9,0x00000003,
0x00060050,0x00000011,0x00000789,0x00000784,
0x00000786,0x00000788,0x00050051,0x00000006,
0x0000078b,0x000008b6,0x00000001,0x00050051,
0x00000006,0x0000078d,0x000008bd,0x00000001,
0x00050051,0x00000006,0x0000078f,0x000008c4,
0x00000001,0x00060050,0x00000011,0x00000790,
0x0000078b,0x0000078d,0x0000078f,0x0007000c,
0x00000011,0x00000c78,0x00000001,0x00000025,
0x00000789,0x00000790,0x0007000c,0x00000011,
0x00000c79,0x00000001,0x00000025,0x00000782,
0x00000c78,0x00050051,0x00000006,0x00000793,
0x000008cb,0x00000000,0x00050051,0x00000006,
0x00000795,0x000008d2,0x00000000,0x00050051,
0x00000006,0x00000797,0x000008d9,0x00000000,
0x00060050,0x00000011,0x00000798,0x00000793,
0x00000795,0x00000797,0x0007000c,0x00000011,
0x00000799,0x00000001,0x00000025,0x00000c79,
0x00000798,0x0007000c,0x00000011,0x00000c7f,
0x00000001,0x00000028,0x00000789,0x00000790,
0x0007000c,0x00000011,0x00000c80,0x00000001,
0x00000028,0x00000782,0x00000c7f,0x0007000c,
0x00000011,0x000007b7,0x00000001,0x00000028,
0x00000c80,0x00000798,0x00050083,0x0000000c,
0x000007bb,0x000003af,0x00000692,0x00050051,
0x00000006,0x000007bd,0x000008a1,0x00000000,
0x00050051,0x00000006,0x000007bf,0x000008a8,
0x00000000,0x00050051,0x00000006,0x000007c1,
0x000008af,0x00000000,0x00060050,0x00000011,
0x000007c2,0x000007bd,0x000007bf,0x000007c1,
0x00050051,0x00000006,0x00000c94,0x000007bb,
0x00000000,0x00050085,0x00000006,0x00000c97,
0x00000c94,0x00000755,0x00050051,0x00000006,
0x00000c99,0x000007bb,0x00000001,0x00050085,
0x00000006,0x00000c9c,0x00000c99,0x0000075a,
0x00050081,0x00000006,0x00000c9d,0x00000c97,
0x00000c9c,0x0004007f,0x00000006,0x00000ca3,
0x0000075a,0x00050085,0x00000006,0x00000ca4,
0x00000c94,0x00000ca3,0x00050085,0x00000006,
0x00000ca9,0x00000c99,0x00000755,0x00050081,
0x00000006,0x00000caa,0x00000ca4,0x00000ca9,
0x00050050,0x0000000c,0x0000436b,0x00000c9d,
0x00000caa,0x00050085,0x0000000c,0x00000cae,
0x0000436b,0x00000774,0x00050051,0x00000006,
0x00000cb0,0x00000cae,0x00000000,0x00050085,
0x00000006,0x00000cb3,0x00000cb0,0x00000cb0,
0x00050051,0x00000006,0x00000cb5,0x00000cae,
0x00000001,0x00050085,0x00000006,0x00000cb8,
0x00000cb5,0x00000cb5,0x00050081,0x00000006,
0x00000cb9,0x00000cb3,0x00000cb8,0x0007000c,
0x00000006,0x00000cbc,0x00000001,0x00000025,
0x00000cb9,0x00000c6f,0x00050085,0x00000006,
0x00000cbf,0x00000136,0x00000cbc,0x00050081,
0x00000006,0x00000cc1,0x00000cbf,0x0000013b,
0x00050085,0x00000006,0x00000cc4,0x00000779,
0x00000cbc,0x00050081,0x00000006,0x00000cc6,
0x00000cc4,0x0000013b,0x00050085,0x00000006,
0x00000cc9,0x00000cc1,0x00000cc1,0x00050085,
0x00000006,0x00000ccc,0x00000cc6,0x00000cc6,
0x00050085,0x00000006,0x00000ccf,0x0000014c,
0x00000cc9,0x00050081,0x00000006,0x00000cd1,
0x00000ccf,0x00000151,0x00050085,0x00000006,
0x00000cd4,0x00000cd1,0x00000ccc,0x0005008e,
0x00000011,0x00000cd7,0x000007c2,0x00000cd4,
0x00050083,0x0000000c,0x000007cd,0x000003ca,
0x00000692,0x00050051,0x00000006,0x000007cf,
0x000008a1,0x00000001,0x00050051,0x00000006,
0x000007d1,0x000008a8,0x00000001,0x00050051,
0x00000006,0x000007d3,0x000008af,0x00000001,
0x00060050,0x00000011,0x000007d4,0x000007cf,
0x000007d1,0x000007d3,0x00050051,0x00000006,
0x00000cf8,0x000007cd,0x00000000,0x00050085,
0x00000006,0x00000cfb,0x00000cf8,0x00000755,
0x00050051,0x00000006,0x00000cfd,0x000007cd,
0x00000001,0x00050085,0x00000006,0x00000d00,
0x00000cfd,0x0000075a,0x00050081,0x00000006,
0x00000d01,0x00000cfb,0x00000d00,0x00050085,
0x00000006,0x00000d08,0x00000cf8,0x00000ca3,
0x00050085,0x00000006,0x00000d0d,0x00000cfd,
0x00000755,0x00050081,0x00000006,0x00000d0e,
0x00000d08,0x00000d0d,0x00050050,0x0000000c,
0x0000436c,0x00000d01,0x00000d0e,0x00050085,
0x0000000c,0x00000d12,0x0000436c,0x00000774,
0x00050051,0x00000006,0x00000d14,0x00000d12,
0x00000000,0x00050085,0x00000006,0x00000d17,
0x00000d14,0x00000d14,0x00050051,0x00000006,
0x00000d19,0x00000d12,0x00000001,0x00050085,
0x00000006,0x00000d1c,0x00000d19,0x00000d19,
0x00050081,0x00000006,0x00000d1d,0x00000d17,
0x00000d1c,0x0007000c,0x00000006,0x00000d20,
0x00000001,0x00000025,0x00000d1d,0x00000c6f,
0x00050085,0x00000006,0x00000d23,0x00000136,
0x00000d20,0x00050081,0x00000006,0x00000d25,
0x00000d23,0x0000013b,0x00050085,0x00000006,
0x00000d28,0x00000779,0x00000d20,0x00050081,
0x00000006,0x00000d2a,0x00000d28,0x0000013b,
0x00050085,0x00000006,0x00000d2d,0x00000d25,
0x00000d25,0x00050085,0x00000006,0x00000d30,
0x00000d2a,0x00000d2a,0x00050085,0x00000006,
0x00000d33,0x0000014c,0x00000d2d,0x00050081,
0x00000006,0x00000d35,0x00000d33,0x00000151,
0x00050085,0x00000006,0x00000d38,0x00000d35,
0x00000d30,0x0005008e,0x00000011,0x00000d3b,
0x000007d4,0x00000d38,0x00050081,0x00000011,
0x00000d3d,0x00000cd7,0x00000d3b,0x00050081,
0x00000006,0x00000d40,0x00000cd4,0x00000d38,
0x00050083,0x0000000c,0x000007df,0x000003e5,
0x00000692,0x00050051,0x00000006,0x000007e1,
0x000008b6,0x00000000,0x00050051,0x00000006,
0x000007e3,0x000008bd,0x00000000,0x00050051,
0x00000006,0x000007e5,0x000008c4,0x00000000,
0x00060050,0x00000011,0x000007e6,0x000007e1,
0x000007e3,0x000007e5,0x00050051,0x00000006,
0x00000d5c,0x000007df,0x00000000,0x00050085,
0x00000006,0x00000d5f,0x00000d5c,0x00000755,
0x00050051,0x00000006,0x00000d61,0x000007df,
0x00000001,0x00050085,0x00000006,0x00000d64,
0x00000d61,0x0000075a,0x00050081,0x00000006,
0x00000d65,0x00000d5f,0x00000d64,0x00050085,
0x00000006,0x00000d6c,0x00000d5c,0x00000ca3,
0x00050085,0x00000006,0x00000d71,0x00000d61,
0x00000755,0x00050081,0x00000006,0x00000d72,
0x00000d6c,0x00000d71,0x00050050,0x0000000c,
0x0000436d,0x00000d65,0x00000d72,0x00050085,
0x0000000c,0x00000d76,0x0000436d,0x00000774,
0x00050051,0x00000006,0x00000d78,0x00000d76,
0x00000000,0x00050085,0x00000006,0x00000d7b,
0x00000d78,0x00000d78,0x00050051,0x00000006,
0x00000d7d,0x00000d76,0x00000001,0x00050085,
0x00000006,0x00000d80,0x00000d7d,0x00000d7d,
0x00050081,0x00000006,0x00000d81,0x00000d7b,
0x00000d80,0x0007000c,0x00000006,0x00000d84,
0x00000001,0x00000025,0x00000d81,0x00000c6f,
0x00050085,0x00000006,0x00000d87,0x00000136,
0x00000d84,0x00050081,0x00000006,0x00000d89,
0x00000d87,0x0000013b,0x00050085,0x00000006,
0x00000d8c,0x00000779,0x00000d84,0x00050081,
0x00000006,0x00000d8e,0x00000d8c,0x0000013b,
0x00050085,0x00000006,0x00000d91,0x00000d89,
0x00000d89,0x00050085,0x00000006,0x00000d94,
0x00000d8e,0x00000d8e,0x00050085,0x00000006,
0x00000d97,0x0000014c,0x00000d91,0x00050081,
0x00000006,0x00000d99,0x00000d97,0x00000151,
0x00050085,0x00000006,0x00000d9c,0x00000d99,
0x00000d94,0x0005008e,0x00000011,0x00000d9f,
0x000007e6,0x00000d9c,0x00050081,0x00000011,
0x00000da1,0x00000d3d,0x00000d9f,0x00050081,
0x00000006,0x00000da4,0x00000d40,0x00000d9c,
0x00050083,0x0000000c,0x000007f1,0x00000400,
0x00000692,0x00050051,0x00000006,0x00000dc0,
0x000007f1,0x00000000,0x00050085,0x00000006,
0x00000dc3,0x00000dc0,0x00000755,0x00050051,
0x00000006,0x00000dc5,0x000007f1,0x00000001,
0x00050085,0x00000006,0x00000dc8,0x00000dc5,
0x0000075a,0x00050081,0x00000006,0x00000dc9,
0x00000dc3,0x00000dc8,0x00050085,0x00000006,
0x00000dd0,0x00000dc0,0x00000ca3,0x00050085,
0x00000006,0x00000dd5,0x00000dc5,0x00000755,
0x00050081,0x00000006,0x00000dd6,0x00000dd0,
0x00000dd5,0x00050050,0x0000000c,0x0000436e,
0x00000dc9,0x00000dd6,0x00050085,0x0000000c,
0x00000dda,0x0000436e,0x00000774,0x00050051,
0x00000006,0x00000ddc,0x00000dda,0x00000000,
0x00050085,0x00000006,0x00000ddf,0x00000ddc,
0x00000ddc,0x00050051,0x00000006,0x00000de1,
0x00000dda,0x00000001,0x00050085,0x00000006,
0x00000de4,0x00000de1,0x00000de1,0x00050081,
0x00000006,0x00000de5,0x00000ddf,0x00000de4,
0x0007000c,0x00000006,0x00000de8,0x00000001,
0x00000025,0x00000de5,0x00000c6f,0x00050085,
0x00000006,0x00000deb,0x00000136,0x00000de8,
0x00050081,0x00000006,0x00000ded,0x00000deb,
0x0000013b,0x00050085,0x00000006,0x00000df0,
0x00000779,0x00000de8,0x00050081,0x00000006,
0x00000df2,0x00000df0,0x0000013b,0x00050085,
0x00000006,0x00000df5,0x00000ded,0x00000ded,
0x00050085,0x00000006,0x00000df8,0x00000df2,
0x00000df2,0x00050085,0x00000006,0x00000dfb,
0x0000014c,0x00000df5,0x00050081,0x00000006,
0x00000dfd,0x00000dfb,0x00000151,0x00050085,
0x00000006,0x00000e00,0x00000dfd,0x00000df8,
0x0005008e,0x00000011,0x00000e03,0x00000790,
0x00000e00,0x00050081,0x00000011,0x00000e05,
0x00000da1,0x00000e03,0x00050081,0x00000006,
0x00000e08,0x00000da4,0x00000e00,0x0004007f,
0x0000000c,0x00000803,0x00000692,0x00050051,
0x00000006,0x00000e24,0x00000803,0x00000000,
0x00050085,0x00000006,0x00000e27,0x00000e24,
0x00000755,0x00050051,0x00000006,0x00000e29,
0x00000803,0x00000001,0x00050085,0x00000006,
0x00000e2c,0x00000e29,0x0000075a,0x00050081,
0x00000006,0x00000e2d,0x00000e27,0x00000e2c,
0x00050085,0x00000006,0x00000e34,0x00000e24,
0x00000ca3,0x00050085,0x00000006,0x00000e39,
0x00000e29,0x00000755,0x00050081,0x00000006,
0x00000e3a,0x00000e34,0x00000e39,0x00050050,
0x0000000c,0x0000436f,0x00000e2d,0x00000e3a,
0x00050085,0x0000000c,0x00000e3e,0x0000436f,
0x00000774,0x00050051,0x00000006,0x00000e40,
0x00000e3e,0x00000000,0x00050085,0x00000006,
0x00000e43,0x00000e40,0x00000e40,0x00050051,
0x00000006,0x00000e45,0x00000e3e,0x00000001,
0x00050085,0x00000006,0x00000e48,0x00000e45,
0x00000e45,0x00050081,0x00000006,0x00000e49,
0x00000e43,0x00000e48,0x0007000c,0x00000006,
0x00000e4c,0x00000001,0x00000025,0x00000e49,
0x00000c6f,0x00050085,0x00000006,0x00000e4f,
0x00000136,0x00000e4c,0x00050081,0x00000006,
0x00000e51,0x00000e4f,0x0000013b,0x00050085,
0x00000006,0x00000e54,0x00000779,0x00000e4c,
0x00050081,0x00000006,0x00000e56,0x00000e54,
0x0000013b,0x00050085,0x00000006,0x00000e59,
0x00000e51,0x00000e51,0x00050085,0x00000006,
0x00000e5c,0x00000e56,0x00000e56,0x00050085,
0x00000006,0x00000e5f,0x0000014c,0x00000e59,
0x00050081,0x00000006,0x00000e61,0x00000e5f,
0x00000151,0x00050085,0x00000006,0x00000e64,
0x00000e61,0x00000e5c,0x0005008e,0x00000011,
0x00000e67,0x00000782,0x00000e64,0x00050081,
0x00000011,0x00000e69,0x00000e05,0x00000e67,
0x00050081,0x00000006,0x00000e6c,0x00000e08,
0x00000e64,0x00050083,0x0000000c,0x00000815,
0x00000436,0x00000692,0x00050051,0x00000006,
0x00000817,0x000008b6,0x00000003,0x00050051,
0x00000006,0x00000819,0x000008bd,0x00000003,
0x00050051,0x00000006,0x0000081b,0x000008c4,
0x00000003,0x00060050,0x00000011,0x0000081c,
0x00000817,0x00000819,0x0000081b,0x00050051,
0x00000006,0x00000e88,0x00000815,0x00000000,
0x00050085,0x00000006,0x00000e8b,0x00000e88,
0x00000755,0x00050051,0x00000006,0x00000e8d,
0x00000815,0x00000001,0x00050085,0x00000006,
0x00000e90,0x00000e8d,0x0000075a,0x00050081,
0x00000006,0x00000e91,0x00000e8b,0x00000e90,
0x00050085,0x00000006,0x00000e98,0x00000e88,
0x00000ca3,0x00050085,0x00000006,0x00000e9d,
0x00000e8d,0x00000755,0x00050081,0x00000006,
0x00000e9e,0x00000e98,0x00000e9d,0x00050050,
0x0000000c,0x00004370,0x00000e91,0x00000e9e,
0x00050085,0x0000000c,0x00000ea2,0x00004370,
0x00000774,0x00050051,0x00000006,0x00000ea4,
0x00000ea2,0x00000000,0x00050085,0x00000006,
0x00000ea7,0x00000ea4,0x00000ea4,0x00050051,
0x00000006,0x00000ea9,0x00000ea2,0x00000001,
0x00050085,0x00000006,0x00000eac,0x00000ea9,
0x00000ea9,0x00050081,0x00000006,0x00000ead,
0x00000ea7,0x00000eac,0x0007000c,0x00000006,
0x00000eb0,0x00000001,0x00000025,0x00000ead,
0x00000c6f,0x00050085,0x00000006,0x00000eb3,
0x00000136,0x00000eb0,0x00050081,0x00000006,
0x00000eb5,0x00000eb3,0x0000013b,0x00050085,
0x00000006,0x00000eb8,0x00000779,0x00000eb0,
0x00050081,0x00000006,0x00000eba,0x00000eb8,
0x0000013b,0x00050085,0x00000006,0x00000ebd,
0x00000eb5,0x00000eb5,0x00050085,0x00000006,
0x00000ec0,0x00000eba,0x00000eba,0x00050085,
0x00000006,0x00000ec3,0x0000014c,0x00000ebd,
0x00050081,0x00000006,0x00000ec5,0x00000ec3,
0x00000151,0x00050085,0x00000006,0x00000ec8,
0x00000ec5,0x00000ec0,0x0005008e,0x00000011,
0x00000ecb,0x0000081c,0x00000ec8,0x00050081,
0x00000011,0x00000ecd,0x00000e69,0x00000ecb,
0x00050081,0x00000006,0x00000ed0,0x00000e6c,
0x00000ec8,0x00050083,0x0000000c,0x00000827,
0x00000451,0x00000692,0x00050051,0x00000006,
0x00000eec,0x00000827,0x00000000,0x00050085,
0x00000006,0x00000eef,0x00000eec,0x00000755,
0x00050051,0x00000006,0x00000ef1,0x00000827,
0x00000001,0x00050085,0x00000006,0x00000ef4,
0x00000ef1,0x0000075a,0x00050081,0x00000006,
0x00000ef5,0x00000eef,0x00000ef4,0x00050085,
0x00000006,0x00000efc,0x00000eec,0x00000ca3,
0x00050085,0x00000006,0x00000f01,0x00000ef1,
0x00000755,0x00050081,0x00000006,0x00000f02,
0x00000efc,0x00000f01,0x00050050,0x0000000c,
0x00004371,0x00000ef5,0x00000f02,0x00050085,
0x0000000c,0x00000f06,0x00004371,0x00000774,
0x00050051,0x00000006,0x00000f08,0x00000f06,
0x00000000,0x00050085,0x00000006,0x00000f0b,
0x00000f08,0x00000f08,0x00050051,0x00000006,
0x00000f0d,0x00000f06,0x00000001,0x00050085,
0x00000006,0x00000f10,0x00000f0d,0x00000f0d,
0x00050081,0x00000006,0x00000f11,0x00000f0b,
0x00000f10,0x0007000c,0x00000006,0x00000f14,
0x00000001,0x00000025,0x00000f11,0x00000c6f,
0x00050085,0x00000006,0x00000f17,0x00000136,
0x00000f14,0x00050081,0x00000006,0x00000f19,
0x00000f17,0x0000013b,0x00050085,0x00000006,
0x00000f1c,0x00000779,0x00000f14,0x00050081,
0x00000006,0x00000f1e,0x00000f1c,0x0000013b,
0x00050085,0x00000006,0x00000f21,0x00000f19,
0x00000f19,0x00050085,0x00000006,0x00000f24,
0x00000f1e,0x00000f1e,0x00050085,0x00000006,
0x00000f27,0x0000014c,0x00000f21,0x00050081,
0x00000006,0x00000f29,0x00000f27,0x00000151,
0x00050085,0x00000006,0x00000f2c,0x00000f29,
0x00000f24,0x0005008e,0x00000011,0x00000f2f,
0x00000798,0x00000f2c,0x00050081,0x00000011,
0x00000f31,0x00000ecd,0x00000f2f,0x00050081,
0x00000006,0x00000f34,0x00000ed0,0x00000f2c,
0x00050083,0x0000000c,0x00000839,0x0000046d,
0x00000692,0x00050051,0x00000006,0x0000083b,
0x000008cb,0x00000001,0x00050051,0x00000006,
0x0000083d,0x000008d2,0x00000001,0x00050051,
0x00000006,0x0000083f,0x000008d9,0x00000001,
0x00060050,0x00000011,0x00000840,0x0000083b,
0x0000083d,0x0000083f,0x00050051,0x00000006,
0x00000f50,0x00000839,0x00000000,0x00050085,
0x00000006,0x00000f53,0x00000f50,0x00000755,
0x00050051,0x00000006,0x00000f55,0x00000839,
0x00000001,0x00050085,0x00000006,0x00000f58,
0x00000f55,0x0000075a,0x00050081,0x00000006,
0x00000f59,0x00000f53,0x00000f58,0x00050085,
0x00000006,0x00000f60,0x00000f50,0x00000ca3,
0x00050085,0x00000006,0x00000f65,0x00000f55,
0x00000755,0x00050081,0x00000006,0x00000f66,
0x00000f60,0x00000f65,0x00050050,0x0000000c,
0x00004372,0x00000f59,0x00000f66,0x00050085,
0x0000000c,0x00000f6a,0x00004372,0x00000774,
0x00050051,0x00000006,0x00000f6c,0x00000f6a,
0x00000000,0x00050085,0x00000006,0x00000f6f,
0x00000f6c,0x00000f6c,0x00050051,0x00000006,
0x00000f71,0x00000f6a,0x00000001,0x00050085,
0x00000006,0x00000f74,0x00000f71,0x00000f71,
0x00050081,0x00000006,0x00000f75,0x00000f6f,
0x00000f74,0x0007000c,0x00000006,0x00000f78,
0x00000001,0x00000025,0x00000f75,0x00000c6f,
0x00050085,0x00000006,0x00000f7b,0x00000136,
0x00000f78,0x00050081,0x00000006,0x00000f7d,
0x00000f7b,0x0000013b,0x00050085,0x00000006,
0x00000f80,0x00000779,0x00000f78,0x00050081,
0x00000006,0x00000f82,0x00000f80,0x0000013b,
0x00050085,0x00000006,0x00000f85,0x00000f7d,
0x00000f7d,0x00050085,0x00000006,0x00000f88,
0x00000f82,0x00000f82,0x00050085,0x00000006,
0x00000f8b,0x0000014c,0x00000f85,0x00050081,
0x00000006,0x00000f8d,0x00000f8b,0x00000151,
0x00050085,0x00000006,0x00000f90,0x00000f8d,
0x00000f88,0x0005008e,0x00000011,0x00000f93,
0x00000840,0x00000f90,0x00050081,0x00000011,
0x00000f95,0x00000f31,0x00000f93,0x00050081,
0x00000006,0x00000f98,0x00000f34,0x00000f90,
0x00050083,0x0000000c,0x0000084b,0x00000488,
0x00000692,0x00050051,0x00000006,0x0000084d,
0x000008cb,0x00000002,0x00050051,0x00000006,
0x0000084f,0x000008d2,0x00000002,0x00050051,
0x00000006,0x00000851,0x000008d9,0x00000002,
0x00060050,0x00000011,0x00000852,0x0000084d,
0x0000084f,0x00000851,0x00050051,0x00000006,
0x00000fb4,0x0000084b,0x00000000,0x00050085,
0x00000006,0x00000fb7,0x00000fb4,0x00000755,
0x00050051,0x00000006,0x00000fb9,0x0000084b,
0x00000001,0x00050085,0x00000006,0x00000fbc,
0x00000fb9,0x0000075a,0x00050081,0x00000006,
0x00000fbd,0x00000fb7,0x00000fbc,0x00050085,
0x00000006,0x00000fc4,0x00000fb4,0x00000ca3,
0x00050085,0x00000006,0x00000fc9,0x00000fb9,
0x00000755,0x00050081,0x00000006,0x00000fca,
0x00000fc4,0x00000fc9,0x00050050,0x0000000c,
0x00004373,0x00000fbd,0x00000fca,0x00050085,
0x0000000c,0x00000fce,0x00004373,0x00000774,
0x00050051,0x00000006,0x00000fd0,0x00000fce,
0x00000000,0x00050085,0x00000006,0x00000fd3,
0x00000fd0,0x00000fd0,0x00050051,0x00000006,
0x00000fd5,0x00000fce,0x00000001,0x00050085,
0x00000006,0x00000fd8,0x00000fd5,0x00000fd5,
0x00050081,0x00000006,0x00000fd9,0x00000fd3,
0x00000fd8,0x0007000c,0x00000006,0x00000fdc,
0x00000001,0x00000025,0x00000fd9,0x00000c6f,
0x00050085,0x00000006,0x00000fdf,0x00000136,
0x00000fdc,0x00050081,0x00000006,0x00000fe1,
0x00000fdf,0x0000013b,0x00050085,0x00000006,
0x00000fe4,0x00000779,0x00000fdc,0x00050081,
0x00000006,0x00000fe6,0x00000fe4,0x0000013b,
0x00050085,0x00000006,0x00000fe9,0x00000fe1,
0x00000fe1,0x00050085,0x00000006,0x00000fec,
0x00000fe6,0x00000fe6,0x00050085,0x00000006,
0x00000fef,0x0000014c,0x00000fe9,0x00050081,
0x00000006,0x00000ff1,0x00000fef,0x00000151,
0x00050085,0x00000006,0x00000ff4,0x00000ff1,
0x00000fec,0x0005008e,0x00000011,0x00000ff7,
0x00000852,0x00000ff4,0x00050081,0x00000011,
0x00000ff9,0x00000f95,0x00000ff7,0x00050081,
0x00000006,0x00000ffc,0x00000f98,0x00000ff4,
0x00050083,0x0000000c,0x0000085d,0x000004a3,
0x00000692,0x00050051,0x00000006,0x00001018,
0x0000085d,0x00000000,0x00050085,0x00000006,
0x0000101b,0x00001018,0x00000755,0x00050051,
0x00000006,0x0000101d,0x0000085d,0x00000001,
0x00050085,0x00000006,0x00001020,0x0000101d,
0x0000075a,0x00050081,0x00000006,0x00001021,
0x0000101b,0x00001020,0x00050085,0x00000006,
0x00001028,0x00001018,0x00000ca3,0x00050085,
0x00000006,0x0000102d,0x0000101d,0x00000755,
0x00050081,0x00000006,0x0000102e,0x00001028,
0x0000102d,0x00050050,0x0000000c,0x00004374,
0x00001021,0x0000102e,0x00050085,0x0000000c,
0x00001032,0x00004374,0x00000774,0x00050051,
0x00000006,0x00001034,0x00001032,0x00000000,
0x00050085,0x00000006,0x00001037,0x00001034,
0x00001034,0x00050051,0x00000006,0x00001039,
0x00001032,0x00000001,0x00050085,0x00000006,
0x0000103c,0x00001039,0x00001039,0x00050081,
0x00000006,0x0000103d,0x00001037,0x0000103c,
0x0007000c,0x00000006,0x00001040,0x00000001,
0x00000025,0x0000103d,0x00000c6f,0x00050085,
0x00000006,0x00001043,0x00000136,0x00001040,
0x00050081,0x00000006,0x00001045,0x00001043,
0x0000013b,0x00050085,0x00000006,0x00001048,
0x00000779,0x00001040,0x00050081,0x00000006,
0x0000104a,0x00001048,0x0000013b,0x00050085,
0x00000006,0x0000104d,0x00001045,0x00001045,
0x00050085,0x00000006,0x00001050,0x0000104a,
0x0000104a,0x00050085,0x00000006,0x00001053,
0x0000014c,0x0000104d,0x00050081,0x00000006,
0x00001055,0x00001053,0x00000151,0x00050085,
0x00000006,0x00001058,0x00001055,0x00001050,
0x0005008e,0x00000011,0x0000105b,0x00000789,
0x00001058,0x00050081,0x00000011,0x0000105d,
0x00000ff9,0x0000105b,0x00050081,0x00000006,
0x00001060,0x00000ffc,0x00001058,0x00050083,
0x0000000c,0x0000086f,0x000004be,0x00000692,
0x00050051,0x00000006,0x00000871,0x000008e0,
0x00000002,0x00050051,0x00000006,0x00000873,
0x000008e7,0x00000002,0x00050051,0x00000006,
0x00000875,0x000008ee,0x00000002,0x00060050,
0x00000011,0x00000876,0x00000871,0x00000873,
0x00000875,0x00050051,0x00000006,0x0000107c,
0x0000086f,0x00000000,0x00050085,0x00000006,
0x0000107f,0x0000107c,0x00000755,0x00050051,
0x00000006,0x00001081,0x0000086f,0x00000001,
0x00050085,0x00000006,0x00001084,0x00001081,
0x0000075a,0x00050081,0x00000006,0x00001085,
0x0000107f,0x00001084,0x00050085,0x00000006,
0x0000108c,0x0000107c,0x00000ca3,0x00050085,
0x00000006,0x00001091,0x00001081,0x00000755,
0x00050081,0x00000006,0x00001092,0x0000108c,
0x00001091,0x00050050,0x0000000c,0x00004375,
0x00001085,0x00001092,0x00050085,0x0000000c,
0x00001096,0x00004375,0x00000774,0x00050051,
0x00000006,0x00001098,0x00001096,0x00000000,
0x00050085,0x00000006,0x0000109b,0x00001098,
0x00001098,0x00050051,0x00000006,0x0000109d,
0x00001096,0x00000001,0x00050085,0x00000006,
0x000010a0,0x0000109d,0x0000109d,0x00050081,
0x00000006,0x000010a1,0x0000109b,0x000010a0,
0x0007000c,0x00000006,0x000010a4,0x00000001,
0x00000025,0x000010a1,0x00000c6f,0x00050085,
0x00000006,0x000010a7,0x00000136,0x000010a4,
0x00050081,0x00000006,0x000010a9,0x000010a7,
0x0000013b,0x00050085,0x00000006,0x000010ac,
0x00000779,0x000010a4,0x00050081,0x00000006,
0x000010ae,0x000010ac,0x0000013b,0x00050085,
0x00000006,0x000010b1,0x000010a9,0x000010a9,
0x00050085,0x00000006,0x000010b4,0x000010ae,
0x000010ae,0x00050085,0x00000006,0x000010b7,
0x0000014c,0x000010b1,0x00050081,0x00000006,
0x000010b9,0x000010b7,0x00000151,0x00050085,
0x00000006,0x000010bc,0x000010b9,0x000010b4,
0x0005008e,0x00000011,0x000010bf,0x00000876,
0x000010bc,0x00050081,0x00000011,0x000010c1,
0x0000105d,0x000010bf,0x00050081,0x00000006,
0x000010c4,0x00001060,0x000010bc,0x00050083,
0x0000000c,0x00000881,0x000004d9,0x00000692,
0x00050051,0x00000006,0x00000883,0x000008e0,
0x00000003,0x00050051,0x00000006,0x00000885,
0x000008e7,0x00000003,0x00050051,0x00000006,
0x00000887,0x000008ee,0x00000003,0x00060050,
0x00000011,0x00000888,0x00000883,0x00000885,
0x00000887,0x00050051,0x00000006,0x000010e0,
0x00000881,0x00000000,0x00050085,0x00000006,
0x000010e3,0x000010e0,0x00000755,0x00050051,
0x00000006,0x000010e5,0x00000881,0x00000001,
0x00050085,0x00000006,0x000010e8,0x000010e5,
0x0000075a,0x00050081,0x00000006,0x000010e9,
0x000010e3,0x000010e8,0x00050085,0x00000006,
0x000010f0,0x000010e0,0x00000ca3,0x00050085,
0x00000006,0x000010f5,0x000010e5,0x00000755,
0x00050081,0x00000006,0x000010f6,0x000010f0,
0x000010f5,0x00050050,0x0000000c,0x00004376,
0x000010e9,0x000010f6,0x00050085,0x0000000c,
0x000010fa,0x00004376,0x00000774,0x00050051,
0x00000006,0x000010fc,0x000010fa,0x00000000,
0x00050085,0x00000006,0x000010ff,0x000010fc,
0x000010fc,0x00050051,0x00000006,0x00001101,
0x000010fa,0x00000001,0x00050085,0x00000006,
0x00001104,0x00001101,0x00001101,0x00050081,
0x00000006,0x00001105,0x000010ff,0x00001104,
0x0007000c,0x00000006,0x00001108,0x00000001,
0x00000025,0x00001105,0x00000c6f,0x00050085,
0x00000006,0x0000110b,0x00000136,0x00001108,
0x00050081,0x00000006,0x0000110d,0x0000110b,
0x0000013b,0x00050085,0x00000006,0x00001110,
0x00000779,0x00001108,0x00050081,0x00000006,
0x00001112,0x00001110,0x0000013b,0x00050085,
0x00000006,0x00001115,0x0000110d,0x0000110d,
0x00050085,0x00000006,0x00001118,0x00001112,
0x00001112,0x00050085,0x00000006,0x0000111b,
0x0000014c,0x00001115,0x00050081,0x00000006,
0x0000111d,0x0000111b,0x00000151,0x00050085,
0x00000006,0x00001120,0x0000111d,0x00001118,
0x0005008e,0x00000011,0x00001123,0x00000888,
0x00001120,0x00050081,0x00000011,0x00001125,
0x000010c1,0x00001123,0x00050081,0x00000006,
0x00001128,0x000010c4,0x00001120,0x00050088,
0x00000006,0x0000113d,0x000000b1,0x00001128,
0x00060050,0x00000011,0x00001144,0x0000113d,
0x0000113d,0x0000113d,0x00050085,0x00000011,
0x00000898,0x00001125,0x00001144,0x0007000c,
0x00000011,0x00000899,0x00000001,0x00000028,
0x00000799,0x00000898,0x0007000c,0x00000011,
0x0000089a,0x00000001,0x00000025,0x000007b7,
0x00000899,0x0004003d,0x00000516,0x0000058c,
0x00000518,0x0004007c,0x0000051b,0x0000058e,
0x00000534,0x00050051,0x00000006,0x00000590,
0x0000089a,0x00000000,0x00050051,0x00000006,
0x00000591,0x0000089a,0x00000001,0x00050051,
0x00000006,0x00000592,0x0000089a,0x00000002,
0x00070050,0x00000016,0x00000593,0x00000590,
0x00000591,0x00000592,0x000000b1,0x00040063,
0x0000058c,0x0000058e,0x00000593,0x00050051,
0x0000001b,0x0000053a,0x00000534,0x00000000,
0x00050080,0x0000001b,0x0000053b,0x0000053a,
0x00000538,0x00060052,0x00000044,0x000035f6,
0x0000053b,0x00000534,0x00000000,0x00040070,
0x0000000c,0x00001251,0x000035f6,0x00050085,
0x0000000c,0x00001255,0x00001251,0x00000688,
0x00050081,0x0000000c,0x00001259,0x00001255,
0x0000068c,0x0006000c,0x0000000c,0x0000125b,
0x00000001,0x00000008,0x00001259,0x00050083,
0x0000000c,0x0000125e,0x00001259,0x0000125b,
0x00050085,0x0000000c,0x00001263,0x0000125b,
0x00000696,0x00050081,0x0000000c,0x00001267,
0x00001263,0x0000069a,0x00050081,0x0000000c,
0x0000126c,0x00001267,0x0000069f,0x00050081,
0x0000000c,0x00001271,0x00001267,0x000006a4,
0x00050081,0x0000000c,0x00001276,0x00001267,
0x000006a9,0x0004003d,0x000000ea,0x00001469,
0x000000ec,0x0004003d,0x000000ee,0x0000146a,
0x000000f0,0x00050056,0x000000f2,0x0000146b,
0x00001469,0x0000146a,0x00060060,0x00000016,
0x0000146d,0x0000146b,0x00001267,0x0000009d,
0x0004003d,0x000000ea,0x00001470,0x000000ec,
0x0004003d,0x000000ee,0x00001471,0x000000f0,
0x00050056,0x000000f2,0x00001472,0x00001470,
0x00001471,0x00060060,0x00000016,0x00001474,
0x00001472,0x00001267,0x000000fc,0x0004003d,
0x000000ea,0x00001477,0x000000ec,0x0004003d,
0x000000ee,0x00001478,0x000000f0,0x00050056,
0x000000f2,0x00001479,0x00001477,0x00001478,
0x00060060,0x00000016,0x0000147b,0x00001479,
0x00001267,0x00000104,0x0004003d,0x000000ea,
0x0000147e,0x000000ec,0x0004003d,0x000000ee,
0x0000147f,0x000000f0,0x00050056,0x000000f2,
0x00001480,0x0000147e,0x0000147f,0x00060060,
0x00000016,0x00001482,0x00001480,0x0000126c,
0x0000009d,0x0004003d,0x000000ea,0x00001485,
0x000000ec,0x0004003d,0x000000ee,0x00001486,
0x000000f0,0x00050056,0x000000f2,0x00001487,
0x00001485,0x00001486,0x00060060,0x00000016,
0x00001489,0x00001487,0x0000126c,0x000000fc,
0x0004003d,0x000000ea,0x0000148c,0x000000ec,
0x0004003d,0x000000ee,0x0000148d,0x000000f0,
0x00050056,0x000000f2,0x0000148e,0x0000148c,
0x0000148d,0x00060060,0x00000016,0x00001490,
0x0000148e,0x0000126c,0x00000104,0x0004003d,
0x000000ea,0x00001493,0x000000ec,0x0004003d,
0x000000ee,0x00001494,0x000000f0,0x00050056,
0x000000f2,0x00001495,0x00001493,0x00001494,
0x00060060,0x00000016,0x00001497,0x00001495,
0x00001271,0x0000009d,0x0004003d,0x000000ea,
0x0000149a,0x000000ec,0x0004003d,0x000000ee,
0x0000149b,0x000000f0,0x00050056,0x000000f2,
0x0000149c,0x0000149a,0x0000149b,0x00060060,
0x00000016,0x0000149e,0x0000149c,0x00001271,
0x000000fc,0x0004003d,0x000000ea,0x000014a1,
0x000000ec,0x0004003d,0x000000ee,0x000014a2,
0x000000f0,0x00050056,0x000000f2,0x000014a3,
0x000014a1,0x000014a2,0x00060060,0x00000016,
0x000014a5,0x000014a3,0x00001271,0x00000104,
0x0004003d,0x000000ea,0x000014a8,0x000000ec,
0x0004003d,0x000000ee,0x000014a9,0x000000f0,
0x00050056,0x000000f2,0x000014aa,0x000014a8,
0x000014a9,0x00060060,0x00000016,0x000014ac,
0x000014aa,0x00001276,0x0000009d,0x0004003d,
0x000000ea,0x000014af,0x000000ec,0x0004003d,
0x000000ee,0x000014b0,0x000000f0,0x00050056,
0x000000f2,0x000014b1,0x000014af,0x000014b0,
0x00060060,0x00000016,0x000014b3,0x000014b1,
0x00001276,0x000000fc,0x0004003d,0x000000ea,
0x000014b6,0x000000ec,0x0004003d,0x000000ee,
0x000014b7,0x000000f0,0x00050056,0x000000f2,
0x000014b8,0x000014b6,0x000014b7,0x00060060,
0x00000016,0x000014ba,0x000014b8,0x00001276,
0x00000104,0x00050085,0x00000016,0x00001291,
0x0000147b,0x00004361,0x00050085,0x00000016,
0x00001294,0x0000146d,0x00004361,0x00050081,
0x00000016,0x00001296,0x00001294,0x00001474,
0x00050081,0x00000016,0x00001297,0x00001291,
0x00001296,0x00050085,0x00000016,0x0000129a,
0x00001490,0x00004361,0x00050085,0x00000016,
0x0000129d,0x00001482,0x00004361,0x00050081,
0x00000016,0x0000129f,0x0000129d,0x00001489,
0x00050081,0x00000016,0x000012a0,0x0000129a,
0x0000129f,0x00050085,0x00000016,0x000012a3,
0x000014a5,0x00004361,0x00050085,0x00000016,
0x000012a6,0x00001497,0x00004361,0x00050081,
0x00000016,0x000012a8,0x000012a6,0x0000149e,
0x00050081,0x00000016,0x000012a9,0x000012a3,
0x000012a8,0x00050085,0x00000016,0x000012ac,
0x000014ba,0x00004361,0x00050085,0x00000016,
0x000012af,0x000014ac,0x00004361,0x00050081,
0x00000016,0x000012b1,0x000012af,0x000014b3,
0x00050081,0x00000016,0x000012b2,0x000012ac,
0x000012b1,0x00050051,0x00000006,0x000012b4,
0x00001297,0x00000000,0x00050051,0x00000006,
0x000012b6,0x00001297,0x00000001,0x00050051,
0x00000006,0x000012b8,0x000012a0,0x00000000,
0x00050051,0x00000006,0x000012ba,0x000012a0,
0x00000001,0x00050051,0x00000006,0x000012bc,
0x000012a0,0x00000002,0x00050051,0x00000006,
0x000012be,0x000012a0,0x00000003,0x00050051,
0x00000006,0x000012c0,0x000012a9,0x00000000,
0x00050051,0x00000006,0x000012c2,0x000012a9,
0x00000001,0x00050051,0x00000006,0x000012c4,
0x000012a9,0x00000002,0x00050051,0x00000006,
0x000012c6,0x000012a9,0x00000003,0x00050051,
0x00000006,0x000012c8,0x000012b2,0x00000002,
0x00050051,0x00000006,0x000012ca,0x000012b2,
0x00000003,0x00050051,0x00000006,0x000014fa,
0x0000125e,0x00000000,0x00050083,0x00000006,
0x000014fb,0x000000b1,0x000014fa,0x00050051,
0x00000006,0x000014fe,0x0000125e,0x00000001,
0x00050083,0x00000006,0x000014ff,0x000000b1,
0x000014fe,0x00050085,0x00000006,0x00001500,
0x000014fb,0x000014ff,0x00050083,0x00000006,
0x00001520,0x000012c6,0x000012bc,0x00050083,
0x00000006,0x00001523,0x000012bc,0x000012be,
0x0006000c,0x00000006,0x00001525,0x00000001,
0x00000004,0x00001520,0x0006000c,0x00000006,
0x00001527,0x00000001,0x00000004,0x00001523,
0x0007000c,0x00000006,0x00001528,0x00000001,
0x00000028,0x00001525,0x00001527,0x0004007c,
0x0000001b,0x0000157a,0x00001528,0x00050082,
0x0000001b,0x0000157b,0x000000c1,0x0000157a,
0x0004007c,0x00000006,0x0000157c,0x0000157b,
0x00050083,0x00000006,0x0000152d,0x000012c6,
0x000012be,0x00050085,0x00000006,0x00001530,
0x0000152d,0x00001500,0x0006000c,0x00000006,
0x00001536,0x00000001,0x00000004,0x0000152d,
0x00050085,0x00000006,0x00001538,0x00001536,
0x0000157c,0x0008000c,0x00000006,0x00001587,
0x00000001,0x0000002b,0x00001538,0x000000b9,
0x000000b1,0x00050085,0x00000006,0x0000153c,
0x00001587,0x00001587,0x00050083,0x00000006,
0x00001544,0x000012ba,0x000012bc,0x00050083,
0x00000006,0x00001547,0x000012bc,0x000012b4,
0x0006000c,0x00000006,0x00001549,0x00000001,
0x00000004,0x00001544,0x0006000c,0x00000006,
0x0000154b,0x00000001,0x00000004,0x00001547,
0x0007000c,0x00000006,0x0000154c,0x00000001,
0x00000028,0x00001549,0x0000154b,0x0004007c,
0x0000001b,0x00001593,0x0000154c,0x00050082,
0x0000001b,0x00001594,0x000000c1,0x00001593,
0x0004007c,0x00000006,0x00001595,0x00001594,
0x00050083,0x00000006,0x00001551,0x000012ba,
0x000012b4,0x00050085,0x00000006,0x00001554,
0x00001551,0x00001500,0x0006000c,0x00000006,
0x0000155a,0x00000001,0x00000004,0x00001551,
0x00050085,0x00000006,0x0000155c,0x0000155a,
0x00001595,0x0008000c,0x00000006,0x000015a0,
0x00000001,0x0000002b,0x0000155c,0x000000b9,
0x000000b1,0x00050085,0x00000006,0x00001560,
0x000015a0,0x000015a0,0x00050081,0x00000006,
0x000043ac,0x0000153c,0x00001560,0x00050085,
0x00000006,0x00001565,0x00001500,0x000043ac,
0x00050085,0x00000006,0x000015cf,0x000014fa,
0x000014ff,0x00050083,0x00000006,0x000015e5,
0x000012c4,0x000012c6,0x0006000c,0x00000006,
0x000015ea,0x00000001,0x00000004,0x000015e5,
0x0007000c,0x00000006,0x000015ed,0x00000001,
0x00000028,0x000015ea,0x00001525,0x0004007c,
0x0000001b,0x0000163f,0x000015ed,0x00050082,
0x0000001b,0x00001640,0x000000c1,0x0000163f,
0x0004007c,0x00000006,0x00001641,0x00001640,
0x00050083,0x00000006,0x000015f2,0x000012c4,
0x000012bc,0x00050085,0x00000006,0x000015f5,
0x000015f2,0x000015cf,0x00050081,0x00000006,
0x000015f8,0x00001530,0x000015f5,0x0006000c,
0x00000006,0x000015fb,0x00000001,0x00000004,
0x000015f2,0x00050085,0x00000006,0x000015fd,
0x000015fb,0x00001641,0x0008000c,0x00000006,
0x0000164c,0x00000001,0x0000002b,0x000015fd,
0x000000b9,0x000000b1,0x00050085,0x00000006,
0x00001601,0x0000164c,0x0000164c,0x00050085,
0x00000006,0x00001604,0x00001601,0x000015cf,
0x00050081,0x00000006,0x00001606,0x00001565,
0x00001604,0x00050083,0x00000006,0x00001609,
0x000012c0,0x000012c6,0x00050083,0x00000006,
0x0000160c,0x000012c6,0x000012b6,0x0006000c,
0x00000006,0x0000160e,0x00000001,0x00000004,
0x00001609,0x0006000c,0x00000006,0x00001610,
0x00000001,0x00000004,0x0000160c,0x0007000c,
0x00000006,0x00001611,0x00000001,0x00000028,
0x0000160e,0x00001610,0x0004007c,0x0000001b,
0x00001658,0x00001611,0x00050082,0x0000001b,
0x00001659,0x000000c1,0x00001658,0x0004007c,
0x00000006,0x0000165a,0x00001659,0x00050083,
0x00000006,0x00001616,0x000012c0,0x000012b6,
0x00050085,0x00000006,0x00001619,0x00001616,
0x000015cf,0x00050081,0x00000006,0x0000161c,
0x00001554,0x00001619,0x0006000c,0x00000006,
0x0000161f,0x00000001,0x00000004,0x00001616,
0x00050085,0x00000006,0x00001621,0x0000161f,
0x0000165a,0x0008000c,0x00000006,0x00001665,
0x00000001,0x0000002b,0x00001621,0x000000b9,
0x000000b1,0x00050085,0x00000006,0x00001625,
0x00001665,0x00001665,0x00050085,0x00000006,
0x00001628,0x00001625,0x000015cf,0x00050081,
0x00000006,0x0000162a,0x00001606,0x00001628,
0x00050085,0x00000006,0x0000169e,0x000014fb,
0x000014fe,0x00050083,0x00000006,0x000016aa,
0x000012c0,0x000012ba,0x00050083,0x00000006,
0x000016ad,0x000012ba,0x000012b8,0x0006000c,
0x00000006,0x000016af,0x00000001,0x00000004,
0x000016aa,0x0006000c,0x00000006,0x000016b1,
0x00000001,0x00000004,0x000016ad,0x0007000c,
0x00000006,0x000016b2,0x00000001,0x00000028,
0x000016af,0x000016b1,0x0004007c,0x0000001b,
0x00001704,0x000016b2,0x00050082,0x0000001b,
0x00001705,0x000000c1,0x00001704,0x0004007c,
0x00000006,0x00001706,0x00001705,0x00050083,
0x00000006,0x000016b7,0x000012c0,0x000012b8,
0x00050085,0x00000006,0x000016ba,0x000016b7,
0x0000169e,0x00050081,0x00000006,0x000016bd,
0x000015f8,0x000016ba,0x0006000c,0x00000006,
0x000016c0,0x00000001,0x00000004,0x000016b7,
0x00050085,0x00000006,0x000016c2,0x000016c0,
0x00001706,0x0008000c,0x00000006,0x00001711,
0x00000001,0x0000002b,0x000016c2,0x000000b9,
0x000000b1,0x00050085,0x00000006,0x000016c6,
0x00001711,0x00001711,0x00050085,0x00000006,
0x000016c9,0x000016c6,0x0000169e,0x00050081,
0x00000006,0x000016cb,0x0000162a,0x000016c9,
0x00050083,0x00000006,0x000016ce,0x000012ca,
0x000012ba,0x0006000c,0x00000006,0x000016d3,
0x00000001,0x00000004,0x000016ce,0x0007000c,
0x00000006,0x000016d6,0x00000001,0x00000028,
0x000016d3,0x00001549,0x0004007c,0x0000001b,
0x0000171d,0x000016d6,0x00050082,0x0000001b,
0x0000171e,0x000000c1,0x0000171d,0x0004007c,
0x00000006,0x0000171f,0x0000171e,0x00050083,
0x00000006,0x000016db,0x000012ca,0x000012bc,
0x00050085,0x00000006,0x000016de,0x000016db,
0x0000169e,0x00050081,0x00000006,0x000016e1,
0x0000161c,0x000016de,0x0006000c,0x00000006,
0x000016e4,0x00000001,0x00000004,0x000016db,
0x00050085,0x00000006,0x000016e6,0x000016e4,
0x0000171f,0x0008000c,0x00000006,0x0000172a,
0x00000001,0x0000002b,0x000016e6,0x000000b9,
0x000000b1,0x00050085,0x00000006,0x000016ea,
0x0000172a,0x0000172a,0x00050085,0x00000006,
0x000016ed,0x000016ea,0x0000169e,0x00050081,
0x00000006,0x000016ef,0x000016cb,0x000016ed,
0x00050085,0x00000006,0x0000176b,0x000014fa,
0x000014fe,0x00050083,0x00000006,0x0000176f,
0x000012c2,0x000012c0,0x0006000c,0x00000006,
0x00001774,0x00000001,0x00000004,0x0000176f,
0x0007000c,0x00000006,0x00001777,0x00000001,
0x00000028,0x00001774,0x000016af,0x0004007c,
0x0000001b,0x000017c9,0x00001777,0x00050082,
0x0000001b,0x000017ca,0x000000c1,0x000017c9,
0x0004007c,0x00000006,0x000017cb,0x000017ca,
0x00050083,0x00000006,0x0000177c,0x000012c2,
0x000012ba,0x00050085,0x00000006,0x0000177f,
0x0000177c,0x0000176b,0x00050081,0x00000006,
0x00001782,0x000016bd,0x0000177f,0x0006000c,
0x00000006,0x00001785,0x00000001,0x00000004,
0x0000177c,0x00050085,0x00000006,0x00001787,
0x00001785,0x000017cb,0x0008000c,0x00000006,
0x000017d6,0x00000001,0x0000002b,0x00001787,
0x000000b9,0x000000b1,0x00050085,0x00000006,
0x0000178b,0x000017d6,0x000017d6,0x00050085,
0x00000006,0x0000178e,0x0000178b,0x0000176b,
0x00050081,0x00000006,0x00001790,0x000016ef,
0x0000178e,0x00050083,0x00000006,0x00001793,
0x000012c8,0x000012c0,0x0006000c,0x00000006,
0x00001798,0x00000001,0x00000004,0x00001793,
0x0007000c,0x00000006,0x0000179b,0x00000001,
0x00000028,0x00001798,0x0000160e,0x0004007c,
0x0000001b,0x000017e2,0x0000179b,0x00050082,
0x0000001b,0x000017e3,0x000000c1,0x000017e2,
0x0004007c,0x00000006,0x000017e4,0x000017e3,
0x00050083,0x00000006,0x000017a0,0x000012c8,
0x000012c6,0x00050085,0x00000006,0x000017a3,
0x000017a0,0x0000176b,0x00050081,0x00000006,
0x000017a6,0x000016e1,0x000017a3,0x00050050,
0x0000000c,0x0000437a,0x00001782,0x000017a6,
0x0006000c,0x00000006,0x000017a9,0x00000001,
0x00000004,0x000017a0,0x00050085,0x00000006,
0x000017ab,0x000017a9,0x000017e4,0x0008000c,
0x00000006,0x000017ef,0x00000001,0x0000002b,
0x000017ab,0x000000b9,0x000000b1,0x00050085,
0x00000006,0x000017af,0x000017ef,0x000017ef,
0x00050085,0x00000006,0x000017b2,0x000017af,
0x0000176b,0x00050081,0x00000006,0x000017b4,
0x00001790,0x000017b2,0x00050085,0x0000000c,
0x000012fb,0x0000437a,0x0000437a,0x00050051,
0x00000006,0x000012fd,0x000012fb,0x00000000,
0x00050051,0x00000006,0x000012ff,0x000012fb,
0x00000001,0x00050081,0x00000006,0x00001300,
0x000012fd,0x000012ff,0x000500b8,0x0000005f,
0x00001303,0x00001300,0x00000308,0x0004007c,
0x0000001b,0x000017ff,0x00001300,0x000500c2,
0x0000001b,0x00001801,0x000017ff,0x000000cf,
0x00050082,0x0000001b,0x00001802,0x000000ca,
0x00001801,0x0004007c,0x00000006,0x00001803,
0x00001802,0x000600a9,0x00000006,0x000043b1,
0x00001303,0x000000b1,0x00001803,0x000600a9,
0x00000006,0x000043b2,0x00001303,0x000000b1,
0x00001782,0x00060052,0x0000000c,0x0000363f,
0x000043b2,0x0000437a,0x00000000,0x00050050,
0x0000000c,0x00001813,0x000043b1,0x000043b1,
0x00050085,0x0000000c,0x00001319,0x0000363f,
0x00001813,0x00050085,0x00000006,0x0000437b,
0x000017b4,0x000017b4,0x00050085,0x00000006,
0x0000131f,0x00004367,0x0000437b,0x00050051,
0x00000006,0x00001321,0x00001319,0x00000000,
0x00050085,0x00000006,0x00001324,0x00001321,
0x00001321,0x00050051,0x00000006,0x00001326,
0x00001319,0x00000001,0x00050085,0x00000006,
0x00001329,0x00001326,0x00001326,0x00050081,
0x00000006,0x0000132a,0x00001324,0x00001329,
0x0006000c,0x00000006,0x0000132d,0x00000001,
0x00000004,0x00001321,0x0006000c,0x00000006,
0x00001330,0x00000001,0x00000004,0x00001326,
0x0007000c,0x00000006,0x00001331,0x00000001,
0x00000028,0x0000132d,0x00001330,0x0004007c,
0x0000001b,0x0000181c,0x00001331,0x00050082,
0x0000001b,0x0000181d,0x000000c1,0x0000181c,
0x0004007c,0x00000006,0x0000181e,0x0000181d,
0x00050085,0x00000006,0x00001333,0x0000132a,
0x0000181e,0x00050083,0x00000006,0x00001337,
0x00001333,0x000000b1,0x00050085,0x00000006,
0x00001339,0x00001337,0x0000131f,0x00050081,
0x00000006,0x0000133a,0x000000b1,0x00001339,
0x00050085,0x00000006,0x0000133e,0x0000437b,
0x00004369,0x00050081,0x00000006,0x0000133f,
0x000000b1,0x0000133e,0x00050050,0x0000000c,
0x00001340,0x0000133a,0x0000133f,0x00050085,
0x00000006,0x00001344,0x0000437b,0x0000436a,
0x00050081,0x00000006,0x00001345,0x00000244,
0x00001344,0x0004007c,0x0000001b,0x00001839,
0x00001345,0x00050082,0x0000001b,0x0000183a,
0x000000c1,0x00001839,0x0004007c,0x00000006,
0x0000183b,0x0000183a,0x00050051,0x00000006,
0x00001349,0x00001482,0x00000002,0x00050051,
0x00000006,0x0000134b,0x00001489,0x00000002,
0x00050051,0x00000006,0x0000134d,0x00001490,
0x00000002,0x00060050,0x00000011,0x0000134e,
0x00001349,0x0000134b,0x0000134d,0x00050051,
0x00000006,0x00001350,0x00001497,0x00000003,
0x00050051,0x00000006,0x00001352,0x0000149e,
0x00000003,0x00050051,0x00000006,0x00001354,
0x000014a5,0x00000003,0x00060050,0x00000011,
0x00001355,0x00001350,0x00001352,0x00001354,
0x00050051,0x00000006,0x00001357,0x00001482,
0x00000001,0x00050051,0x00000006,0x00001359,
0x00001489,0x00000001,0x00050051,0x00000006,
0x0000135b,0x00001490,0x00000001,0x00060050,
0x00000011,0x0000135c,0x00001357,0x00001359,
0x0000135b,0x0007000c,0x00000011,0x00001844,
0x00000001,0x00000025,0x00001355,0x0000135c,
0x0007000c,0x00000011,0x00001845,0x00000001,
0x00000025,0x0000134e,0x00001844,0x00050051,
0x00000006,0x0000135f,0x00001497,0x00000000,
0x00050051,0x00000006,0x00001361,0x0000149e,
0x00000000,0x00050051,0x00000006,0x00001363,
0x000014a5,0x00000000,0x00060050,0x00000011,
0x00001364,0x0000135f,0x00001361,0x00001363,
0x0007000c,0x00000011,0x00001365,0x00000001,
0x00000025,0x00001845,0x00001364,0x0007000c,
0x00000011,0x0000184b,0x00000001,0x00000028,
0x00001355,0x0000135c,0x0007000c,0x00000011,
0x0000184c,0x00000001,0x00000028,0x0000134e,
0x0000184b,0x0007000c,0x00000011,0x00001383,
0x00000001,0x00000028,0x0000184c,0x00001364,
0x00050083,0x0000000c,0x00001387,0x000003af,
0x0000125e,0x00050051,0x00000006,0x00001389,
0x0000146d,0x00000000,0x00050051,0x00000006,
0x0000138b,0x00001474,0x00000000,0x00050051,
0x00000006,0x0000138d,0x0000147b,0x00000000,
0x00060050,0x00000011,0x0000138e,0x00001389,
0x0000138b,0x0000138d,0x00050051,0x00000006,
0x00001860,0x00001387,0x00000000,0x00050085,
0x00000006,0x00001863,0x00001860,0x00001321,
0x00050051,0x00000006,0x00001865,0x00001387,
0x00000001,0x00050085,0x00000006,0x00001868,
0x00001865,0x00001326,0x00050081,0x00000006,
0x00001869,0x00001863,0x00001868,0x0004007f,
0x00000006,0x0000186f,0x00001326,0x00050085,
0x00000006,0x00001870,0x00001860,0x0000186f,
0x00050085,0x00000006,0x00001875,0x00001865,
0x00001321,0x00050081,0x00000006,0x00001876,
0x00001870,0x00001875,0x00050050,0x0000000c,
0x0000437c,0x00001869,0x00001876,0x00050085,
0x0000000c,0x0000187a,0x0000437c,0x00001340,
0x00050051,0x00000006,0x0000187c,0x0000187a,
0x00000000,0x00050085,0x00000006,0x0000187f,
0x0000187c,0x0000187c,0x00050051,0x00000006,
0x00001881,0x0000187a,0x00000001,0x00050085,
0x00000006,0x00001884,0x00001881,0x00001881,
0x00050081,0x00000006,0x00001885,0x0000187f,
0x00001884,0x0007000c,0x00000006,0x00001888,
0x00000001,0x00000025,0x00001885,0x0000183b,
0x00050085,0x00000006,0x0000188b,0x00000136,
0x00001888,0x00050081,0x00000006,0x0000188d,
0x0000188b,0x0000013b,0x00050085,0x00000006,
0x00001890,0x00001345,0x00001888,0x00050081,
0x00000006,0x00001892,0x00001890,0x0000013b,
0x00050085,0x00000006,0x00001895,0x0000188d,
0x0000188d,0x00050085,0x00000006,0x00001898,
0x00001892,0x00001892,0x00050085,0x00000006,
0x0000189b,0x0000014c,0x00001895,0x00050081,
0x00000006,0x0000189d,0x0000189b,0x00000151,
0x00050085,0x00000006,0x000018a0,0x0000189d,
0x00001898,0x0005008e,0x00000011,0x000018a3,
0x0000138e,0x000018a0,0x00050083,0x0000000c,
0x00001399,0x000003ca,0x0000125e,0x00050051,
0x00000006,0x0000139b,0x0000146d,0x00000001,
0x00050051,0x00000006,0x0000139d,0x00001474,
0x00000001,0x00050051,0x00000006,0x0000139f,
0x0000147b,0x00000001,0x00060050,0x00000011,
0x000013a0,0x0000139b,0x0000139d,0x0000139f,
0x00050051,0x00000006,0x000018c4,0x00001399,
0x00000000,0x00050085,0x00000006,0x000018c7,
0x000018c4,0x00001321,0x00050051,0x00000006,
0x000018c9,0x00001399,0x00000001,0x00050085,
0x00000006,0x000018cc,0x000018c9,0x00001326,
0x00050081,0x00000006,0x000018cd,0x000018c7,
0x000018cc,0x00050085,0x00000006,0x000018d4,
0x000018c4,0x0000186f,0x00050085,0x00000006,
0x000018d9,0x000018c9,0x00001321,0x00050081,
0x00000006,0x000018da,0x000018d4,0x000018d9,
0x00050050,0x0000000c,0x0000437d,0x000018cd,
0x000018da,0x00050085,0x0000000c,0x000018de,
0x0000437d,0x00001340,0x00050051,0x00000006,
0x000018e0,0x000018de,0x00000000,0x00050085,
0x00000006,0x000018e3,0x000018e0,0x000018e0,
0x00050051,0x00000006,0x000018e5,0x000018de,
0x00000001,0x00050085,0x00000006,0x000018e8,
0x000018e5,0x000018e5,0x00050081,0x00000006,
0x000018e9,0x000018e3,0x000018e8,0x0007000c,
0x00000006,0x000018ec,0x00000001,0x00000025,
0x000018e9,0x0000183b,0x00050085,0x00000006,
0x000018ef,0x00000136,0x000018ec,0x00050081,
0x00000006,0x000018f1,0x000018ef,0x0000013b,
0x00050085,0x00000006,0x000018f4,0x00001345,
0x000018ec,0x00050081,0x00000006,0x000018f6,
0x000018f4,0x0000013b,0x00050085,0x00000006,
0x000018f9,0x000018f1,0x000018f1,0x00050085,
0x00000006,0x000018fc,0x000018f6,0x000018f6,
0x00050085,0x00000006,0x000018ff,0x0000014c,
0x000018f9,0x00050081,0x00000006,0x00001901,
0x000018ff,0x00000151,0x00050085,0x00000006,
0x00001904,0x00001901,0x000018fc,0x0005008e,
0x00000011,0x00001907,0x000013a0,0x00001904,
0x00050081,0x00000011,0x00001909,0x000018a3,
0x00001907,0x00050081,0x00000006,0x0000190c,
0x000018a0,0x00001904,0x00050083,0x0000000c,
0x000013ab,0x000003e5,0x0000125e,0x00050051,
0x00000006,0x000013ad,0x00001482,0x00000000,
0x00050051,0x00000006,0x000013af,0x00001489,
0x00000000,0x00050051,0x00000006,0x000013b1,
0x00001490,0x00000000,0x00060050,0x00000011,
0x000013b2,0x000013ad,0x000013af,0x000013b1,
0x00050051,0x00000006,0x00001928,0x000013ab,
0x00000000,0x00050085,0x00000006,0x0000192b,
0x00001928,0x00001321,0x00050051,0x00000006,
0x0000192d,0x000013ab,0x00000001,0x00050085,
0x00000006,0x00001930,0x0000192d,0x00001326,
0x00050081,0x00000006,0x00001931,0x0000192b,
0x00001930,0x00050085,0x00000006,0x00001938,
0x00001928,0x0000186f,0x00050085,0x00000006,
0x0000193d,0x0000192d,0x00001321,0x00050081,
0x00000006,0x0000193e,0x00001938,0x0000193d,
0x00050050,0x0000000c,0x0000437e,0x00001931,
0x0000193e,0x00050085,0x0000000c,0x00001942,
0x0000437e,0x00001340,0x00050051,0x00000006,
0x00001944,0x00001942,0x00000000,0x00050085,
0x00000006,0x00001947,0x00001944,0x00001944,
0x00050051,0x00000006,0x00001949,0x00001942,
0x00000001,0x00050085,0x00000006,0x0000194c,
0x00001949,0x00001949,0x00050081,0x00000006,
0x0000194d,0x00001947,0x0000194c,0x0007000c,
0x00000006,0x00001950,0x00000001,0x00000025,
0x0000194d,0x0000183b,0x00050085,0x00000006,
0x00001953,0x00000136,0x00001950,0x00050081,
0x00000006,0x00001955,0x00001953,0x0000013b,
0x00050085,0x00000006,0x00001958,0x00001345,
0x00001950,0x00050081,0x00000006,0x0000195a,
0x00001958,0x0000013b,0x00050085,0x00000006,
0x0000195d,0x00001955,0x00001955,0x00050085,
0x00000006,0x00001960,0x0000195a,0x0000195a,
0x00050085,0x00000006,0x00001963,0x0000014c,
0x0000195d,0x00050081,0x00000006,0x00001965,
0x00001963,0x00000151,0x00050085,0x00000006,
0x00001968,0x00001965,0x00001960,0x0005008e,
0x00000011,0x0000196b,0x000013b2,0x00001968,
0x00050081,0x00000011,0x0000196d,0x00001909,
0x0000196b,0x00050081,0x00000006,0x00001970,
0x0000190c,0x00001968,0x00050083,0x0000000c,
0x000013bd,0x00000400,0x0000125e,0x00050051,
0x00000006,0x0000198c,0x000013bd,0x00000000,
0x00050085,0x00000006,0x0000198f,0x0000198c,
0x00001321,0x00050051,0x00000006,0x00001991,
0x000013bd,0x00000001,0x00050085,0x00000006,
0x00001994,0x00001991,0x00001326,0x00050081,
0x00000006,0x00001995,0x0000198f,0x00001994,
0x00050085,0x00000006,0x0000199c,0x0000198c,
0x0000186f,0x00050085,0x00000006,0x000019a1,
0x00001991,0x00001321,0x00050081,0x00000006,
0x000019a2,0x0000199c,0x000019a1,0x00050050,
0x0000000c,0x0000437f,0x00001995,0x000019a2,
0x00050085,0x0000000c,0x000019a6,0x0000437f,
0x00001340,0x00050051,0x00000006,0x000019a8,
0x000019a6,0x00000000,0x00050085,0x00000006,
0x000019ab,0x000019a8,0x000019a8,0x00050051,
0x00000006,0x000019ad,0x000019a6,0x00000001,
0x00050085,0x00000006,0x000019b0,0x000019ad,
0x000019ad,0x00050081,0x00000006,0x000019b1,
0x000019ab,0x000019b0,0x0007000c,0x00000006,
0x000019b4,0x00000001,0x00000025,0x000019b1,
0x0000183b,0x00050085,0x00000006,0x000019b7,
0x00000136,0x000019b4,0x00050081,0x00000006,
0x000019b9,0x000019b7,0x0000013b,0x00050085,
0x00000006,0x000019bc,0x00001345,0x000019b4,
0x00050081,0x00000006,0x000019be,0x000019bc,
0x0000013b,0x00050085,0x00000006,0x000019c1,
0x000019b9,0x000019b9,0x00050085,0x00000006,
0x000019c4,0x000019be,0x000019be,0x00050085,
0x00000006,0x000019c7,0x0000014c,0x000019c1,
0x00050081,0x00000006,0x000019c9,0x000019c7,
0x00000151,0x00050085,0x00000006,0x000019cc,
0x000019c9,0x000019c4,0x0005008e,0x00000011,
0x000019cf,0x0000135c,0x000019cc,0x00050081,
0x00000011,0x000019d1,0x0000196d,0x000019cf,
0x00050081,0x00000006,0x000019d4,0x00001970,
0x000019cc,0x0004007f,0x0000000c,0x000013cf,
0x0000125e,0x00050051,0x00000006,0x000019f0,
0x000013cf,0x00000000,0x00050085,0x00000006,
0x000019f3,0x000019f0,0x00001321,0x00050051,
0x00000006,0x000019f5,0x000013cf,0x00000001,
0x00050085,0x00000006,0x000019f8,0x000019f5,
0x00001326,0x00050081,0x00000006,0x000019f9,
0x000019f3,0x000019f8,0x00050085,0x00000006,
0x00001a00,0x000019f0,0x0000186f,0x00050085,
0x00000006,0x00001a05,0x000019f5,0x00001321,
0x00050081,0x00000006,0x00001a06,0x00001a00,
0x00001a05,0x00050050,0x0000000c,0x00004380,
0x000019f9,0x00001a06,0x00050085,0x0000000c,
0x00001a0a,0x00004380,0x00001340,0x00050051,
0x00000006,0x00001a0c,0x00001a0a,0x00000000,
0x00050085,0x00000006,0x00001a0f,0x00001a0c,
0x00001a0c,0x00050051,0x00000006,0x00001a11,
0x00001a0a,0x00000001,0x00050085,0x00000006,
0x00001a14,0x00001a11,0x00001a11,0x00050081,
0x00000006,0x00001a15,0x00001a0f,0x00001a14,
0x0007000c,0x00000006,0x00001a18,0x00000001,
0x00000025,0x00001a15,0x0000183b,0x00050085,
0x00000006,0x00001a1b,0x00000136,0x00001a18,
0x00050081,0x00000006,0x00001a1d,0x00001a1b,
0x0000013b,0x00050085,0x00000006,0x00001a20,
0x00001345,0x00001a18,0x00050081,0x00000006,
0x00001a22,0x00001a20,0x0000013b,0x00050085,
0x00000006,0x00001a25,0x00001a1d,0x00001a1d,
0x00050085,0x00000006,0x00001a28,0x00001a22,
0x00001a22,0x00050085,0x00000006,0x00001a2b,
0x0000014c,0x00001a25,0x00050081,0x00000006,
0x00001a2d,0x00001a2b,0x00000151,0x00050085,
0x00000006,0x00001a30,0x00001a2d,0x00001a28,
0x0005008e,0x00000011,0x00001a33,0x0000134e,
0x00001a30,0x00050081,0x00000011,0x00001a35,
0x000019d1,0x00001a33,0x00050081,0x00000006,
0x00001a38,0x000019d4,0x00001a30,0x00050083,
0x0000000c,0x000013e1,0x00000436,0x0000125e,
0x00050051,0x00000006,0x000013e3,0x00001482,
0x00000003,0x00050051,0x00000006,0x000013e5,
0x00001489,0x00000003,0x00050051,0x00000006,
0x000013e7,0x00001490,0x00000003,0x00060050,
0x00000011,0x000013e8,0x000013e3,0x000013e5,
0x000013e7,0x00050051,0x00000006,0x00001a54,
0x000013e1,0x00000000,0x00050085,0x00000006,
0x00001a57,0x00001a54,0x00001321,0x00050051,
0x00000006,0x00001a59,0x000013e1,0x00000001,
0x00050085,0x00000006,0x00001a5c,0x00001a59,
0x00001326,0x00050081,0x00000006,0x00001a5d,
0x00001a57,0x00001a5c,0x00050085,0x00000006,
0x00001a64,0x00001a54,0x0000186f,0x00050085,
0x00000006,0x00001a69,0x00001a59,0x00001321,
0x00050081,0x00000006,0x00001a6a,0x00001a64,
0x00001a69,0x00050050,0x0000000c,0x00004381,
0x00001a5d,0x00001a6a,0x00050085,0x0000000c,
0x00001a6e,0x00004381,0x00001340,0x00050051,
0x00000006,0x00001a70,0x00001a6e,0x00000000,
0x00050085,0x00000006,0x00001a73,0x00001a70,
0x00001a70,0x00050051,0x00000006,0x00001a75,
0x00001a6e,0x00000001,0x00050085,0x00000006,
0x00001a78,0x00001a75,0x00001a75,0x00050081,
0x00000006,0x00001a79,0x00001a73,0x00001a78,
0x0007000c,0x00000006,0x00001a7c,0x00000001,
0x00000025,0x00001a79,0x0000183b,0x00050085,
0x00000006,0x00001a7f,0x00000136,0x00001a7c,
0x00050081,0x00000006,0x00001a81,0x00001a7f,
0x0000013b,0x00050085,0x00000006,0x00001a84,
0x00001345,0x00001a7c,0x00050081,0x00000006,
0x00001a86,0x00001a84,0x0000013b,0x00050085,
0x00000006,0x00001a89,0x00001a81,0x00001a81,
0x00050085,0x00000006,0x00001a8c,0x00001a86,
0x00001a86,0x00050085,0x00000006,0x00001a8f,
0x0000014c,0x00001a89,0x00050081,0x00000006,
0x00001a91,0x00001a8f,0x00000151,0x00050085,
0x00000006,0x00001a94,0x00001a91,0x00001a8c,
0x0005008e,0x00000011,0x00001a97,0x000013e8,
0x00001a94,0x00050081,0x00000011,0x00001a99,
0x00001a35,0x00001a97,0x00050081,0x00000006,
0x00001a9c,0x00001a38,0x00001a94,0x00050083,
0x0000000c,0x000013f3,0x00000451,0x0000125e,
0x00050051,0x00000006,0x00001ab8,0x000013f3,
0x00000000,0x00050085,0x00000006,0x00001abb,
0x00001ab8,0x00001321,0x00050051,0x00000006,
0x00001abd,0x000013f3,0x00000001,0x00050085,
0x00000006,0x00001ac0,0x00001abd,0x00001326,
0x00050081,0x00000006,0x00001ac1,0x00001abb,
0x00001ac0,0x00050085,0x00000006,0x00001ac8,
0x00001ab8,0x0000186f,0x00050085,0x00000006,
0x00001acd,0x00001abd,0x00001321,0x00050081,
0x00000006,0x00001ace,0x00001ac8,0x00001acd,
0x00050050,0x0000000c,0x00004382,0x00001ac1,
0x00001ace,0x00050085,0x0000000c,0x00001ad2,
0x00004382,0x00001340,0x00050051,0x00000006,
0x00001ad4,0x00001ad2,0x00000000,0x00050085,
0x00000006,0x00001ad7,0x00001ad4,0x00001ad4,
0x00050051,0x00000006,0x00001ad9,0x00001ad2,
0x00000001,0x00050085,0x00000006,0x00001adc,
0x00001ad9,0x00001ad9,0x00050081,0x00000006,
0x00001add,0x00001ad7,0x00001adc,0x0007000c,
0x00000006,0x00001ae0,0x00000001,0x00000025,
0x00001add,0x0000183b,0x00050085,0x00000006,
0x00001ae3,0x00000136,0x00001ae0,0x00050081,
0x00000006,0x00001ae5,0x00001ae3,0x0000013b,
0x00050085,0x00000006,0x00001ae8,0x00001345,
0x00001ae0,0x00050081,0x00000006,0x00001aea,
0x00001ae8,0x0000013b,0x00050085,0x00000006,
0x00001aed,0x00001ae5,0x00001ae5,0x00050085,
0x00000006,0x00001af0,0x00001aea,0x00001aea,
0x00050085,0x00000006,0x00001af3,0x0000014c,
0x00001aed,0x00050081,0x00000006,0x00001af5,
0x00001af3,0x00000151,0x00050085,0x00000006,
0x00001af8,0x00001af5,0x00001af0,0x0005008e,
0x00000011,0x00001afb,0x00001364,0x00001af8,
0x00050081,0x00000011,0x00001afd,0x00001a99,
0x00001afb,0x00050081,0x00000006,0x00001b00,
0x00001a9c,0x00001af8,0x00050083,0x0000000c,
0x00001405,0x0000046d,0x0000125e,0x00050051,
0x00000006,0x00001407,0x00001497,0x00000001,
0x00050051,0x00000006,0x00001409,0x0000149e,
0x00000001,0x00050051,0x00000006,0x0000140b,
0x000014a5,0x00000001,0x00060050,0x00000011,
0x0000140c,0x00001407,0x00001409,0x0000140b,
0x00050051,0x00000006,0x00001b1c,0x00001405,
0x00000000,0x00050085,0x00000006,0x00001b1f,
0x00001b1c,0x00001321,0x00050051,0x00000006,
0x00001b21,0x00001405,0x00000001,0x00050085,
0x00000006,0x00001b24,0x00001b21,0x00001326,
0x00050081,0x00000006,0x00001b25,0x00001b1f,
0x00001b24,0x00050085,0x00000006,0x00001b2c,
0x00001b1c,0x0000186f,0x00050085,0x00000006,
0x00001b31,0x00001b21,0x00001321,0x00050081,
0x00000006,0x00001b32,0x00001b2c,0x00001b31,
0x00050050,0x0000000c,0x00004383,0x00001b25,
0x00001b32,0x00050085,0x0000000c,0x00001b36,
0x00004383,0x00001340,0x00050051,0x00000006,
0x00001b38,0x00001b36,0x00000000,0x00050085,
0x00000006,0x00001b3b,0x00001b38,0x00001b38,
0x00050051,0x00000006,0x00001b3d,0x00001b36,
0x00000001,0x00050085,0x00000006,0x00001b40,
0x00001b3d,0x00001b3d,0x00050081,0x00000006,
0x00001b41,0x00001b3b,0x00001b40,0x0007000c,
0x00000006,0x00001b44,0x00000001,0x00000025,
0x00001b41,0x0000183b,0x00050085,0x00000006,
0x00001b47,0x00000136,0x00001b44,0x00050081,
0x00000006,0x00001b49,0x00001b47,0x0000013b,
0x00050085,0x00000006,0x00001b4c,0x00001345,
0x00001b44,0x00050081,0x00000006,0x00001b4e,
0x00001b4c,0x0000013b,0x00050085,0x00000006,
0x00001b51,0x00001b49,0x00001b49,0x00050085,
0x00000006,0x00001b54,0x00001b4e,0x00001b4e,
0x00050085,0x00000006,0x00001b57,0x0000014c,
0x00001b51,0x00050081,0x00000006,0x00001b59,
0x00001b57,0x00000151,0x00050085,0x00000006,
0x00001b5c,0x00001b59,0x00001b54,0x0005008e,
0x00000011,0x00001b5f,0x0000140c,0x00001b5c,
0x00050081,0x00000011,0x00001b61,0x00001afd,
0x00001b5f,0x00050081,0x00000006,0x00001b64,
0x00001b00,0x00001b5c,0x00050083,0x0000000c,
0x00001417,0x00000488,0x0000125e,0x00050051,
0x00000006,0x00001419,0x00001497,0x00000002,
0x00050051,0x00000006,0x0000141b,0x0000149e,
0x00000002,0x00050051,0x00000006,0x0000141d,
0x000014a5,0x00000002,0x00060050,0x00000011,
0x0000141e,0x00001419,0x0000141b,0x0000141d,
0x00050051,0x00000006,0x00001b80,0x00001417,
0x00000000,0x00050085,0x00000006,0x00001b83,
0x00001b80,0x00001321,0x00050051,0x00000006,
0x00001b85,0x00001417,0x00000001,0x00050085,
0x00000006,0x00001b88,0x00001b85,0x00001326,
0x00050081,0x00000006,0x00001b89,0x00001b83,
0x00001b88,0x00050085,0x00000006,0x00001b90,
0x00001b80,0x0000186f,0x00050085,0x00000006,
0x00001b95,0x00001b85,0x00001321,0x00050081,
0x00000006,0x00001b96,0x00001b90,0x00001b95,
0x00050050,0x0000000c,0x00004384,0x00001b89,
0x00001b96,0x00050085,0x0000000c,0x00001b9a,
0x00004384,0x00001340,0x00050051,0x00000006,
0x00001b9c,0x00001b9a,0x00000000,0x00050085,
0x00000006,0x00001b9f,0x00001b9c,0x00001b9c,
0x00050051,0x00000006,0x00001ba1,0x00001b9a,
0x00000001,0x00050085,0x00000006,0x00001ba4,
0x00001ba1,0x00001ba1,0x00050081,0x00000006,
0x00001ba5,0x00001b9f,0x00001ba4,0x0007000c,
0x00000006,0x00001ba8,0x00000001,0x00000025,
0x00001ba5,0x0000183b,0x00050085,0x00000006,
0x00001bab,0x00000136,0x00001ba8,0x00050081,
0x00000006,0x00001bad,0x00001bab,0x0000013b,
0x00050085,0x00000006,0x00001bb0,0x00001345,
0x00001ba8,0x00050081,0x00000006,0x00001bb2,
0x00001bb0,0x0000013b,0x00050085,0x00000006,
0x00001bb5,0x00001bad,0x00001bad,0x00050085,
0x00000006,0x00001bb8,0x00001bb2,0x00001bb2,
0x00050085,0x00000006,0x00001bbb,0x0000014c,
0x00001bb5,0x00050081,0x00000006,0x00001bbd,
0x00001bbb,0x00000151,0x00050085,0x00000006,
0x00001bc0,0x00001bbd,0x00001bb8,0x0005008e,
0x00000011,0x00001bc3,0x0000141e,0x00001bc0,
0x00050081,0x00000011,0x00001bc5,0x00001b61,
0x00001bc3,0x00050081,0x00000006,0x00001bc8,
0x00001b64,0x00001bc0,0x00050083,0x0000000c,
0x00001429,0x000004a3,0x0000125e,0x00050051,
0x00000006,0x00001be4,0x00001429,0x00000000,
0x00050085,0x00000006,0x00001be7,0x00001be4,
0x00001321,0x00050051,0x00000006,0x00001be9,
0x00001429,0x00000001,0x00050085,0x00000006,
0x00001bec,0x00001be9,0x00001326,0x00050081,
0x00000006,0x00001bed,0x00001be7,0x00001bec,
0x00050085,0x00000006,0x00001bf4,0x00001be4,
0x0000186f,0x00050085,0x00000006,0x00001bf9,
0x00001be9,0x00001321,0x00050081,0x00000006,
0x00001bfa,0x00001bf4,0x00001bf9,0x00050050,
0x0000000c,0x00004385,0x00001bed,0x00001bfa,
0x00050085,0x0000000c,0x00001bfe,0x00004385,
0x00001340,0x00050051,0x00000006,0x00001c00,
0x00001bfe,0x00000000,0x00050085,0x00000006,
0x00001c03,0x00001c00,0x00001c00,0x00050051,
0x00000006,0x00001c05,0x00001bfe,0x00000001,
0x00050085,0x00000006,0x00001c08,0x00001c05,
0x00001c05,0x00050081,0x00000006,0x00001c09,
0x00001c03,0x00001c08,0x0007000c,0x00000006,
0x00001c0c,0x00000001,0x00000025,0x00001c09,
0x0000183b,0x00050085,0x00000006,0x00001c0f,
0x00000136,0x00001c0c,0x00050081,0x00000006,
0x00001c11,0x00001c0f,0x0000013b,0x00050085,
0x00000006,0x00001c14,0x00001345,0x00001c0c,
0x00050081,0x00000006,0x00001c16,0x00001c14,
0x0000013b,0x00050085,0x00000006,0x00001c19,
0x00001c11,0x00001c11,0x00050085,0x00000006,
0x00001c1c,0x00001c16,0x00001c16,0x00050085,
0x00000006,0x00001c1f,0x0000014c,0x00001c19,
0x00050081,0x00000006,0x00001c21,0x00001c1f,
0x00000151,0x00050085,0x00000006,0x00001c24,
0x00001c21,0x00001c1c,0x0005008e,0x00000011,
0x00001c27,0x00001355,0x00001c24,0x00050081,
0x00000011,0x00001c29,0x00001bc5,0x00001c27,
0x00050081,0x00000006,0x00001c2c,0x00001bc8,
0x00001c24,0x00050083,0x0000000c,0x0000143b,
0x000004be,0x0000125e,0x00050051,0x00000006,
0x0000143d,0x000014ac,0x00000002,0x00050051,
0x00000006,0x0000143f,0x000014b3,0x00000002,
0x00050051,0x00000006,0x00001441,0x000014ba,
0x00000002,0x00060050,0x00000011,0x00001442,
0x0000143d,0x0000143f,0x00001441,0x00050051,
0x00000006,0x00001c48,0x0000143b,0x00000000,
0x00050085,0x00000006,0x00001c4b,0x00001c48,
0x00001321,0x00050051,0x00000006,0x00001c4d,
0x0000143b,0x00000001,0x00050085,0x00000006,
0x00001c50,0x00001c4d,0x00001326,0x00050081,
0x00000006,0x00001c51,0x00001c4b,0x00001c50,
0x00050085,0x00000006,0x00001c58,0x00001c48,
0x0000186f,0x00050085,0x00000006,0x00001c5d,
0x00001c4d,0x00001321,0x00050081,0x00000006,
0x00001c5e,0x00001c58,0x00001c5d,0x00050050,
0x0000000c,0x00004386,0x00001c51,0x00001c5e,
0x00050085,0x0000000c,0x00001c62,0x00004386,
0x00001340,0x00050051,0x00000006,0x00001c64,
0x00001c62,0x00000000,0x00050085,0x00000006,
0x00001c67,0x00001c64,0x00001c64,0x00050051,
0x00000006,0x00001c69,0x00001c62,0x00000001,
0x00050085,0x00000006,0x00001c6c,0x00001c69,
0x00001c69,0x00050081,0x00000006,0x00001c6d,
0x00001c67,0x00001c6c,0x0007000c,0x00000006,
0x00001c70,0x00000001,0x00000025,0x00001c6d,
0x0000183b,0x00050085,0x00000006,0x00001c73,
0x00000136,0x00001c70,0x00050081,0x00000006,
0x00001c75,0x00001c73,0x0000013b,0x00050085,
0x00000006,0x00001c78,0x00001345,0x00001c70,
0x00050081,0x00000006,0x00001c7a,0x00001c78,
0x0000013b,0x00050085,0x00000006,0x00001c7d,
0x00001c75,0x00001c75,0x00050085,0x00000006,
0x00001c80,0x00001c7a,0x00001c7a,0x00050085,
0x00000006,0x00001c83,0x0000014c,0x00001c7d,
0x00050081,0x00000006,0x00001c85,0x00001c83,
0x00000151,0x00050085,0x00000006,0x00001c88,
0x00001c85,0x00001c80,0x0005008e,0x00000011,
0x00001c8b,0x00001442,0x00001c88,0x00050081,
0x00000011,0x00001c8d,0x00001c29,0x00001c8b,
0x00050081,0x00000006,0x00001c90,0x00001c2c,
0x00001c88,0x00050083,0x0000000c,0x0000144d,
0x000004d9,0x0000125e,0x00050051,0x00000006,
0x0000144f,0x000014ac,0x00000003,0x00050051,
0x00000006,0x00001451,0x000014b3,0x00000003,
0x00050051,0x00000006,0x00001453,0x000014ba,
0x00000003,0x00060050,0x00000011,0x00001454,
0x0000144f,0x00001451,0x00001453,0x00050051,
0x00000006,0x00001cac,0x0000144d,0x00000000,
0x00050085,0x00000006,0x00001caf,0x00001cac,
0x00001321,0x00050051,0x00000006,0x00001cb1,
0x0000144d,0x00000001,0x00050085,0x00000006,
0x00001cb4,0x00001cb1,0x00001326,0x00050081,
0x00000006,0x00001cb5,0x00001caf,0x00001cb4,
0x00050085,0x00000006,0x00001cbc,0x00001cac,
0x0000186f,0x00050085,0x00000006,0x00001cc1,
0x00001cb1,0x00001321,0x00050081,0x00000006,
0x00001cc2,0x00001cbc,0x00001cc1,0x00050050,
0x0000000c,0x00004387,0x00001cb5,0x00001cc2,
0x00050085,0x0000000c,0x00001cc6,0x00004387,
0x00001340,0x00050051,0x00000006,0x00001cc8,
0x00001cc6,0x00000000,0x00050085,0x00000006,
0x00001ccb,0x00001cc8,0x00001cc8,0x00050051,
0x00000006,0x00001ccd,0x00001cc6,0x00000001,
0x00050085,0x00000006,0x00001cd0,0x00001ccd,
0x00001ccd,0x00050081,0x00000006,0x00001cd1,
0x00001ccb,0x00001cd0,0x0007000c,0x00000006,
0x00001cd4,0x00000001,0x00000025,0x00001cd1,
0x0000183b,0x00050085,0x00000006,0x00001cd7,
0x00000136,0x00001cd4,0x00050081,0x00000006,
0x00001cd9,0x00001cd7,0x0000013b,0x00050085,
0x00000006,0x00001cdc,0x00001345,0x00001cd4,
0x00050081,0x00000006,0x00001cde,0x00001cdc,
0x0000013b,0x00050085,0x00000006,0x00001ce1,
0x00001cd9,0x00001cd9,0x00050085,0x00000006,
0x00001ce4,0x00001cde,0x00001cde,0x00050085,
0x00000006,0x00001ce7,0x0000014c,0x00001ce1,
0x00050081,0x00000006,0x00001ce9,0x00001ce7,
0x00000151,0x00050085,0x00000006,0x00001cec,
0x00001ce9,0x00001ce4,0x0005008e,0x00000011,
0x00001cef,0x00001454,0x00001cec,0x00050081,
0x00000011,0x00001cf1,0x00001c8d,0x00001cef,
0x00050081,0x00000006,0x00001cf4,0x00001c90,
0x00001cec,0x00050088,0x00000006,0x00001d09,
0x000000b1,0x00001cf4,0x00060050,0x00000011,
0x00001d10,0x00001d09,0x00001d09,0x00001d09,
0x00050085,0x00000011,0x00001464,0x00001cf1,
0x00001d10,0x0007000c,0x00000011,0x00001465,
0x00000001,0x00000028,0x00001365,0x00001464,
0x0007000c,0x00000011,0x00001466,0x00000001,
0x00000025,0x00001383,0x00001465,0x0004003d,
0x00000516,0x00001158,0x00000518,0x0004007c,
0x0000051b,0x0000115a,0x000035f6,0x00050051,
0x00000006,0x0000115c,0x00001466,0x00000000,
0x00050051,0x00000006,0x0000115d,0x00001466,
0x00000001,0x00050051,0x00000006,0x0000115e,
0x00001466,0x00000002,0x00070050,0x00000016,
0x0000115f,0x0000115c,0x0000115d,0x0000115e,
0x000000b1,0x00040063,0x00001158,0x0000115a,
0x0000115f,0x00050051,0x0000001b,0x00000541,
0x00000534,0x00000001,0x00050080,0x0000001b,
0x00000542,0x00000541,0x00000538,0x00050050,
0x00000044,0x00004388,0x0000053b,0x00000542,
0x00040070,0x0000000c,0x00001e1d,0x00004388,
0x00050085,0x0000000c,0x00001e21,0x00001e1d,
0x00000688,0x00050081,0x0000000c,0x00001e25,
0x00001e21,0x0000068c,0x0006000c,0x0000000c,
0x00001e27,0x00000001,0x00000008,0x00001e25,
0x00050083,0x0000000c,0x00001e2a,0x00001e25,
0x00001e27,0x00050085,0x0000000c,0x00001e2f,
0x00001e27,0x00000696,0x00050081,0x0000000c,
0x00001e33,0x00001e2f,0x0000069a,0x00050081,
0x0000000c,0x00001e38,0x00001e33,0x0000069f,
0x00050081,0x0000000c,0x00001e3d,0x00001e33,
0x000006a4,0x00050081,0x0000000c,0x00001e42,
0x00001e33,0x000006a9,0x0004003d,0x000000ea,
0x00002035,0x000000ec,0x0004003d,0x000000ee,
0x00002036,0x000000f0,0x00050056,0x000000f2,
0x00002037,0x00002035,0x00002036,0x00060060,
0x00000016,0x00002039,0x00002037,0x00001e33,
0x0000009d,0x0004003d,0x000000ea,0x0000203c,
0x000000ec,0x0004003d,0x000000ee,0x0000203d,
0x000000f0,0x00050056,0x000000f2,0x0000203e,
0x0000203c,0x0000203d,0x00060060,0x00000016,
0x00002040,0x0000203e,0x00001e33,0x000000fc,
0x0004003d,0x000000ea,0x00002043,0x000000ec,
0x0004003d,0x000000ee,0x00002044,0x000000f0,
0x00050056,0x000000f2,0x00002045,0x00002043,
0x00002044,0x00060060,0x00000016,0x00002047,
0x00002045,0x00001e33,0x00000104,0x0004003d,
0x000000ea,0x0000204a,0x000000ec,0x0004003d,
0x000000ee,0x0000204b,0x000000f0,0x00050056,
0x000000f2,0x0000204c,0x0000204a,0x0000204b,
0x00060060,0x00000016,0x0000204e,0x0000204c,
0x00001e38,0x0000009d,0x0004003d,0x000000ea,
0x00002051,0x000000ec,0x0004003d,0x000000ee,
0x00002052,0x000000f0,0x00050056,0x000000f2,
0x00002053,0x00002051,0x00002052,0x00060060,
0x00000016,0x00002055,0x00002053,0x00001e38,
0x000000fc,0x0004003d,0x000000ea,0x00002058,
0x000000ec,0x0004003d,0x000000ee,0x00002059,
0x000000f0,0x00050056,0x000000f2,0x0000205a,
0x00002058,0x00002059,0x00060060,0x00000016,
0x0000205c,0x0000205a,0x00001e38,0x00000104,
0x0004003d,0x000000ea,0x0000205f,0x000000ec,
0x0004003d,0x000000ee,0x00002060,0x000000f0,
0x00050056,0x000000f2,0x00002061,0x0000205f,
0x00002060,0x00060060,0x00000016,0x00002063,
0x00002061,0x00001e3d,0x0000009d,0x0004003d,
0x000000ea,0x00002066,0x000000ec,0x0004003d,
0x000000ee,0x00002067,0x000000f0,0x00050056,
0x000000f2,0x00002068,0x00002066,0x00002067,
0x00060060,0x00000016,0x0000206a,0x00002068,
0x00001e3d,0x000000fc,0x0004003d,0x000000ea,
0x0000206d,0x000000ec,0x0004003d,0x000000ee,
0x0000206e,0x000000f0,0x00050056,0x000000f2,
0x0000206f,0x0000206d,0x0000206e,0x00060060,
0x00000016,0x00002071,0x0000206f,0x00001e3d,
0x00000104,0x0004003d,0x000000ea,0x00002074,
0x000000ec,0x0004003d,0x000000ee,0x00002075,
0x000000f0,0x00050056,0x000000f2,0x00002076,
0x00002074,0x00002075,0x00060060,0x00000016,
0x00002078,0x00002076,0x00001e42,0x0000009d,
0x0004003d,0x000000ea,0x0000207b,0x000000ec,
0x0004003d,0x000000ee,0x0000207c,0x000000f0,
0x00050056,0x000000f2,0x0000207d,0x0000207b,
0x0000207c,0x00060060,0x00000016,0x0000207f,
0x0000207d,0x00001e42,0x000000fc,0x0004003d,
0x000000ea,0x00002082,0x000000ec,0x0004003d,
0x000000ee,0x00002083,0x000000f0,0x00050056,
0x000000f2,0x00002084,0x00002082,0x00002083,
0x00060060,0x00000016,0x00002086,0x00002084,
0x00001e42,0x00000104,0x00050085,0x00000016,
0x00001e5d,0x00002047,0x00004361,0x00050085,
0x00000016,0x00001e60,0x00002039,0x00004361,
0x00050081,0x00000016,0x00001e62,0x00001e60,
0x00002040,0x00050081,0x00000016,0x00001e63,
0x00001e5d,0x00001e62,0x00050085,0x00000016,
0x00001e66,0x0000205c,0x00004361,0x00050085,
0x00000016,0x00001e69,0x0000204e,0x00004361,
0x00050081,0x00000016,0x00001e6b,0x00001e69,
0x00002055,0x00050081,0x00000016,0x00001e6c,
0x00001e66,0x00001e6b,0x00050085,0x00000016,
0x00001e6f,0x00002071,0x00004361,0x00050085,
0x00000016,0x00001e72,0x00002063,0x00004361,
0x00050081,0x00000016,0x00001e74,0x00001e72,
0x0000206a,0x00050081,0x00000016,0x00001e75,
0x00001e6f,0x00001e74,0x00050085,0x00000016,
0x00001e78,0x00002086,0x00004361,0x00050085,
0x00000016,0x00001e7b,0x00002078,0x00004361,
0x00050081,0x00000016,0x00001e7d,0x00001e7b,
0x0000207f,0x00050081,0x00000016,0x00001e7e,
0x00001e78,0x00001e7d,0x00050051,0x00000006,
0x00001e80,0x00001e63,0x00000000,0x00050051,
0x00000006,0x00001e82,0x00001e63,0x00000001,
0x00050051,0x00000006,0x00001e84,0x00001e6c,
0x00000000,0x00050051,0x00000006,0x00001e86,
0x00001e6c,0x00000001,0x00050051,0x00000006,
0x00001e88,0x00001e6c,0x00000002,0x00050051,
0x00000006,0x00001e8a,0x00001e6c,0x00000003,
0x00050051,0x00000006,0x00001e8c,0x00001e75,
0x00000000,0x00050051,0x00000006,0x00001e8e,
0x00001e75,0x00000001,0x00050051,0x00000006,
0x00001e90,0x00001e75,0x00000002,0x00050051,
0x00000006,0x00001e92,0x00001e75,0x00000003,
0x00050051,0x00000006,0x00001e94,0x00001e7e,
0x00000002,0x00050051,0x00000006,0x00001e96,
0x00001e7e,0x00000003,0x00050051,0x00000006,
0x000020c6,0x00001e2a,0x00000000,0x00050083,
0x00000006,0x000020c7,0x000000b1,0x000020c6,
0x00050051,0x00000006,0x000020ca,0x00001e2a,
0x00000001,0x00050083,0x00000006,0x000020cb,
0x000000b1,0x000020ca,0x00050085,0x00000006,
0x000020cc,0x000020c7,0x000020cb,0x00050083,
0x00000006,0x000020ec,0x00001e92,0x00001e88,
0x00050083,0x00000006,0x000020ef,0x00001e88,
0x00001e8a,0x0006000c,0x00000006,0x000020f1,
0x00000001,0x00000004,0x000020ec,0x0006000c,
0x00000006,0x000020f3,0x00000001,0x00000004,
0x000020ef,0x0007000c,0x00000006,0x000020f4,
0x00000001,0x00000028,0x000020f1,0x000020f3,
0x0004007c,0x0000001b,0x00002146,0x000020f4,
0x00050082,0x0000001b,0x00002147,0x000000c1,
0x00002146,0x0004007c,0x00000006,0x00002148,
0x00002147,0x00050083,0x00000006,0x000020f9,
0x00001e92,0x00001e8a,0x00050085,0x00000006,
0x000020fc,0x000020f9,0x000020cc,0x0006000c,
0x00000006,0x00002102,0x00000001,0x00000004,
0x000020f9,0x00050085,0x00000006,0x00002104,
0x00002102,0x00002148,0x0008000c,0x00000006,
0x00002153,0x00000001,0x0000002b,0x00002104,
0x000000b9,0x000000b1,0x00050085,0x00000006,
0x00002108,0x00002153,0x00002153,0x00050083,
0x00000006,0x00002110,0x00001e86,0x00001e88,
0x00050083,0x00000006,0x00002113,0x00001e88,
0x00001e80,0x0006000c,0x00000006,0x00002115,
0x00000001,0x00000004,0x00002110,0x0006000c,
0x00000006,0x00002117,0x00000001,0x00000004,
0x00002113,0x0007000c,0x00000006,0x00002118,
0x00000001,0x00000028,0x00002115,0x00002117,
0x0004007c,0x0000001b,0x0000215f,0x00002118,
0x00050082,0x0000001b,0x00002160,0x000000c1,
0x0000215f,0x0004007c,0x00000006,0x00002161,
0x00002160,0x00050083,0x00000006,0x0000211d,
0x00001e86,0x00001e80,0x00050085,0x00000006,
0x00002120,0x0000211d,0x000020cc,0x0006000c,
0x00000006,0x00002126,0x00000001,0x00000004,
0x0000211d,0x00050085,0x00000006,0x00002128,
0x00002126,0x00002161,0x0008000c,0x00000006,
0x0000216c,0x00000001,0x0000002b,0x00002128,
0x000000b9,0x000000b1,0x00050085,0x00000006,
0x0000212c,0x0000216c,0x0000216c,0x00050081,
0x00000006,0x000043ad,0x00002108,0x0000212c,
0x00050085,0x00000006,0x00002131,0x000020cc,
0x000043ad,0x00050085,0x00000006,0x0000219b,
0x000020c6,0x000020cb,0x00050083,0x00000006,
0x000021b1,0x00001e90,0x00001e92,0x0006000c,
0x00000006,0x000021b6,0x00000001,0x00000004,
0x000021b1,0x0007000c,0x00000006,0x000021b9,
0x00000001,0x00000028,0x000021b6,0x000020f1,
0x0004007c,0x0000001b,0x0000220b,0x000021b9,
0x00050082,0x0000001b,0x0000220c,0x000000c1,
0x0000220b,0x0004007c,0x00000006,0x0000220d,
0x0000220c,0x00050083,0x00000006,0x000021be,
0x00001e90,0x00001e88,0x00050085,0x00000006,
0x000021c1,0x000021be,0x0000219b,0x00050081,
0x00000006,0x000021c4,0x000020fc,0x000021c1,
0x0006000c,0x00000006,0x000021c7,0x00000001,
0x00000004,0x000021be,0x00050085,0x00000006,
0x000021c9,0x000021c7,0x0000220d,0x0008000c,
0x00000006,0x00002218,0x00000001,0x0000002b,
0x000021c9,0x000000b9,0x000000b1,0x00050085,
0x00000006,0x000021cd,0x00002218,0x00002218,
0x00050085,0x00000006,0x000021d0,0x000021cd,
0x0000219b,0x00050081,0x00000006,0x000021d2,
0x00002131,0x000021d0,0x00050083,0x00000006,
0x000021d5,0x00001e8c,0x00001e92,0x00050083,
0x00000006,0x000021d8,0x00001e92,0x00001e82,
0x0006000c,0x00000006,0x000021da,0x00000001,
0x00000004,0x000021d5,0x0006000c,0x00000006,
0x000021dc,0x00000001,0x00000004,0x000021d8,
0x0007000c,0x00000006,0x000021dd,0x00000001,
0x00000028,0x000021da,0x000021dc,0x0004007c,
0x0000001b,0x00002224,0x000021dd,0x00050082,
0x0000001b,0x00002225,0x000000c1,0x00002224,
0x0004007c,0x00000006,0x00002226,0x00002225,
0x00050083,0x00000006,0x000021e2,0x00001e8c,
0x00001e82,0x00050085,0x00000006,0x000021e5,
0x000021e2,0x0000219b,0x00050081,0x00000006,
0x000021e8,0x00002120,0x000021e5,0x0006000c,
0x00000006,0x000021eb,0x00000001,0x00000004,
0x000021e2,0x00050085,0x00000006,0x000021ed,
0x000021eb,0x00002226,0x0008000c,0x00000006,
0x00002231,0x00000001,0x0000002b,0x000021ed,
0x000000b9,0x000000b1,0x00050085,0x00000006,
0x000021f1,0x00002231,0x00002231,0x00050085,
0x00000006,0x000021f4,0x000021f1,0x0000219b,
0x00050081,0x00000006,0x000021f6,0x000021d2,
0x000021f4,0x00050085,0x00000006,0x0000226a,
0x000020c7,0x000020ca,0x00050083,0x00000006,
0x00002276,0x00001e8c,0x00001e86,0x00050083,
0x00000006,0x00002279,0x00001e86,0x00001e84,
0x0006000c,0x00000006,0x0000227b,0x00000001,
0x00000004,0x00002276,0x0006000c,0x00000006,
0x0000227d,0x00000001,0x00000004,0x00002279,
0x0007000c,0x00000006,0x0000227e,0x00000001,
0x00000028,0x0000227b,0x0000227d,0x0004007c,
0x0000001b,0x000022d0,0x0000227e,0x00050082,
0x0000001b,0x000022d1,0x000000c1,0x000022d0,
0x0004007c,0x00000006,0x000022d2,0x000022d1,
0x00050083,0x00000006,0x00002283,0x00001e8c,
0x00001e84,0x00050085,0x00000006,0x00002286,
0x00002283,0x0000226a,0x00050081,0x00000006,
0x00002289,0x000021c4,0x00002286,0x0006000c,
0x00000006,0x0000228c,0x00000001,0x00000004,
0x00002283,0x00050085,0x00000006,0x0000228e,
0x0000228c,0x000022d2,0x0008000c,0x00000006,
0x000022dd,0x00000001,0x0000002b,0x0000228e,
0x000000b9,0x000000b1,0x00050085,0x00000006,
0x00002292,0x000022dd,0x000022dd,0x00050085,
0x00000006,0x00002295,0x00002292,0x0000226a,
0x00050081,0x00000006,0x00002297,0x000021f6,
0x00002295,0x00050083,0x00000006,0x0000229a,
0x00001e96,0x00001e86,0x0006000c,0x00000006,
0x0000229f,0x00000001,0x00000004,0x0000229a,
0x0007000c,0x00000006,0x000022a2,0x00000001,
0x00000028,0x0000229f,0x00002115,0x0004007c,
0x0000001b,0x000022e9,0x000022a2,0x00050082,
0x0000001b,0x000022ea,0x000000c1,0x000022e9,
0x0004007c,0x00000006,0x000022eb,0x000022ea,
0x00050083,0x00000006,0x000022a7,0x00001e96,
0x00001e88,0x00050085,0x00000006,0x000022aa,
0x000022a7,0x0000226a,0x00050081,0x00000006,
0x000022ad,0x000021e8,0x000022aa,0x0006000c,
0x00000006,0x000022b0,0x00000001,0x00000004,
0x000022a7,0x00050085,0x00000006,0x000022b2,
0x000022b0,0x000022eb,0x0008000c,0x00000006,
0x000022f6,0x00000001,0x0000002b,0x000022b2,
0x000000b9,0x000000b1,0x00050085,0x00000006,
0x000022b6,0x000022f6,0x000022f6,0x00050085,
0x00000006,0x000022b9,0x000022b6,0x0000226a,
0x00050081,0x00000006,0x000022bb,0x00002297,
0x000022b9,0x00050085,0x00000006,0x00002337,
0x000020c6,0x000020ca,0x00050083,0x00000006,
0x0000233b,0x00001e8e,0x00001e8c,0x0006000c,
0x00000006,0x00002340,0x00000001,0x00000004,
0x0000233b,0x0007000c,0x00000006,0x00002343,
0x00000001,0x00000028,0x00002340,0x0000227b,
0x0004007c,0x0000001b,0x00002395,0x00002343,
0x00050082,0x0000001b,0x00002396,0x000000c1,
0x00002395,0x0004007c,0x00000006,0x00002397,
0x00002396,0x00050083,0x00000006,0x00002348,
0x00001e8e,0x00001e86,0x00050085,0x00000006,
0x0000234b,0x00002348,0x00002337,0x00050081,
0x00000006,0x0000234e,0x00002289,0x0000234b,
0x0006000c,0x00000006,0x00002351,0x00000001,
0x00000004,0x00002348,0x00050085,0x00000006,
0x00002353,0x00002351,0x00002397,0x0008000c,
0x00000006,0x000023a2,0x00000001,0x0000002b,
0x00002353,0x000000b9,0x000000b1,0x00050085,
0x00000006,0x00002357,0x000023a2,0x000023a2,
0x00050085,0x00000006,0x0000235a,0x00002357,
0x00002337,0x00050081,0x00000006,0x0000235c,
0x000022bb,0x0000235a,0x00050083,0x00000006,
0x0000235f,0x00001e94,0x00001e8c,0x0006000c,
0x00000006,0x00002364,0x00000001,0x00000004,
0x0000235f,0x0007000c,0x00000006,0x00002367,
0x00000001,0x00000028,0x00002364,0x000021da,
0x0004007c,0x0000001b,0x000023ae,0x00002367,
0x00050082,0x0000001b,0x000023af,0x000000c1,
0x000023ae,0x0004007c,0x00000006,0x000023b0,
0x000023af,0x00050083,0x00000006,0x0000236c,
0x00001e94,0x00001e92,0x00050085,0x00000006,
0x0000236f,0x0000236c,0x00002337,0x00050081,
0x00000006,0x00002372,0x000022ad,0x0000236f,
0x00050050,0x0000000c,0x0000438c,0x0000234e,
0x00002372,0x0006000c,0x00000006,0x00002375,
0x00000001,0x00000004,0x0000236c,0x00050085,
0x00000006,0x00002377,0x00002375,0x000023b0,
0x0008000c,0x00000006,0x000023bb,0x00000001,
0x0000002b,0x00002377,0x000000b9,0x000000b1,
0x00050085,0x00000006,0x0000237b,0x000023bb,
0x000023bb,0x00050085,0x00000006,0x0000237e,
0x0000237b,0x00002337,0x00050081,0x00000006,
0x00002380,0x0000235c,0x0000237e,0x00050085,
0x0000000c,0x00001ec7,0x0000438c,0x0000438c,
0x00050051,0x00000006,0x00001ec9,0x00001ec7,
0x00000000,0x00050051,0x00000006,0x00001ecb,
0x00001ec7,0x00000001,0x00050081,0x00000006,
0x00001ecc,0x00001ec9,0x00001ecb,0x000500b8,
0x0000005f,0x00001ecf,0x00001ecc,0x00000308,
0x0004007c,0x0000001b,0x000023cb,0x00001ecc,
0x000500c2,0x0000001b,0x000023cd,0x000023cb,
0x000000cf,0x00050082,0x0000001b,0x000023ce,
0x000000ca,0x000023cd,0x0004007c,0x00000006,
0x000023cf,0x000023ce,0x000600a9,0x00000006,
0x000043b3,0x00001ecf,0x000000b1,0x000023cf,
0x000600a9,0x00000006,0x000043b4,0x00001ecf,
0x000000b1,0x0000234e,0x00060052,0x0000000c,
0x0000378d,0x000043b4,0x0000438c,0x00000000,
0x00050050,0x0000000c,0x000023df,0x000043b3,
0x000043b3,0x00050085,0x0000000c,0x00001ee5,
0x0000378d,0x000023df,0x00050085,0x00000006,
0x0000438d,0x00002380,0x00002380,0x00050085,
0x00000006,0x00001eeb,0x00004367,0x0000438d,
0x00050051,0x00000006,0x00001eed,0x00001ee5,
0x00000000,0x00050085,0x00000006,0x00001ef0,
0x00001eed,0x00001eed,0x00050051,0x00000006,
0x00001ef2,0x00001ee5,0x00000001,0x00050085,
0x00000006,0x00001ef5,0x00001ef2,0x00001ef2,
0x00050081,0x00000006,0x00001ef6,0x00001ef0,
0x00001ef5,0x0006000c,0x00000006,0x00001ef9,
0x00000001,0x00000004,0x00001eed,0x0006000c,
0x00000006,0x00001efc,0x00000001,0x00000004,
0x00001ef2,0x0007000c,0x00000006,0x00001efd,
0x00000001,0x00000028,0x00001ef9,0x00001efc,
0x0004007c,0x0000001b,0x000023e8,0x00001efd,
0x00050082,0x0000001b,0x000023e9,0x000000c1,
0x000023e8,0x0004007c,0x00000006,0x000023ea,
0x000023e9,0x00050085,0x00000006,0x00001eff,
0x00001ef6,0x000023ea,0x00050083,0x00000006,
0x00001f03,0x00001eff,0x000000b1,0x00050085,
0x00000006,0x00001f05,0x00001f03,0x00001eeb,
0x00050081,0x00000006,0x00001f06,0x000000b1,
0x00001f05,0x00050085,0x00000006,0x00001f0a,
0x0000438d,0x00004369,0x00050081,0x00000006,
0x00001f0b,0x000000b1,0x00001f0a,0x00050050,
0x0000000c,0x00001f0c,0x00001f06,0x00001f0b,
0x00050085,0x00000006,0x00001f10,0x0000438d,
0x0000436a,0x00050081,0x00000006,0x00001f11,
0x00000244,0x00001f10,0x0004007c,0x0000001b,
0x00002405,0x00001f11,0x00050082,0x0000001b,
0x00002406,0x000000c1,0x00002405,0x0004007c,
0x00000006,0x00002407,0x00002406,0x00050051,
0x00000006,0x00001f15,0x0000204e,0x00000002,
0x00050051,0x00000006,0x00001f17,0x00002055,
0x00000002,0x00050051,0x00000006,0x00001f19,
0x0000205c,0x00000002,0x00060050,0x00000011,
0x00001f1a,0x00001f15,0x00001f17,0x00001f19,
0x00050051,0x00000006,0x00001f1c,0x00002063,
0x00000003,0x00050051,0x00000006,0x00001f1e,
0x0000206a,0x00000003,0x00050051,0x00000006,
0x00001f20,0x00002071,0x00000003,0x00060050,
0x00000011,0x00001f21,0x00001f1c,0x00001f1e,
0x00001f20,0x00050051,0x00000006,0x00001f23,
0x0000204e,0x00000001,0x00050051,0x00000006,
0x00001f25,0x00002055,0x00000001,0x00050051,
0x00000006,0x00001f27,0x0000205c,0x00000001,
0x00060050,0x00000011,0x00001f28,0x00001f23,
0x00001f25,0x00001f27,0x0007000c,0x00000011,
0x00002410,0x00000001,0x00000025,0x00001f21,
0x00001f28,0x0007000c,0x00000011,0x00002411,
0x00000001,0x00000025,0x00001f1a,0x00002410,
0x00050051,0x00000006,0x00001f2b,0x00002063,
0x00000000,0x00050051,0x00000006,0x00001f2d,
0x0000206a,0x00000000,0x00050051,0x00000006,
0x00001f2f,0x00002071,0x00000000,0x00060050,
0x00000011,0x00001f30,0x00001f2b,0x00001f2d,
0x00001f2f,0x0007000c,0x00000011,0x00001f31,
0x00000001,0x00000025,0x00002411,0x00001f30,
0x0007000c,0x00000011,0x00002417,0x00000001,
0x00000028,0x00001f21,0x00001f28,0x0007000c,
0x00000011,0x00002418,0x00000001,0x00000028,
0x00001f1a,0x00002417,0x0007000c,0x00000011,
0x00001f4f,0x00000001,0x00000028,0x00002418,
0x00001f30,0x00050083,0x0000000c,0x00001f53,
0x000003af,0x00001e2a,0x00050051,0x00000006,
0x00001f55,0x00002039,0x00000000,0x00050051,
0x00000006,0x00001f57,0x00002040,0x00000000,
0x00050051,0x00000006,0x00001f59,0x00002047,
0x00000000,0x00060050,0x00000011,0x00001f5a,
0x00001f55,0x00001f57,0x00001f59,0x00050051,
0x00000006,0x0000242c,0x00001f53,0x00000000,
0x00050085,0x00000006,0x0000242f,0x0000242c,
0x00001eed,0x00050051,0x00000006,0x00002431,
0x00001f53,0x00000001,0x00050085,0x00000006,
0x00002434,0x00002431,0x00001ef2,0x00050081,
0x00000006,0x00002435,0x0000242f,0x00002434,
0x0004007f,0x00000006,0x0000243b,0x00001ef2,
0x00050085,0x00000006,0x0000243c,0x0000242c,
0x0000243b,0x00050085,0x00000006,0x00002441,
0x00002431,0x00001eed,0x00050081,0x00000006,
0x00002442,0x0000243c,0x00002441,0x00050050,
0x0000000c,0x0000438e,0x00002435,0x00002442,
0x00050085,0x0000000c,0x00002446,0x0000438e,
0x00001f0c,0x00050051,0x00000006,0x00002448,
0x00002446,0x00000000,0x00050085,0x00000006,
0x0000244b,0x00002448,0x00002448,0x00050051,
0x00000006,0x0000244d,0x00002446,0x00000001,
0x00050085,0x00000006,0x00002450,0x0000244d,
0x0000244d,0x00050081,0x00000006,0x00002451,
0x0000244b,0x00002450,0x0007000c,0x00000006,
0x00002454,0x00000001,0x00000025,0x00002451,
0x00002407,0x00050085,0x00000006,0x00002457,
0x00000136,0x00002454,0x00050081,0x00000006,
0x00002459,0x00002457,0x0000013b,0x00050085,
0x00000006,0x0000245c,0x00001f11,0x00002454,
0x00050081,0x00000006,0x0000245e,0x0000245c,
0x0000013b,0x00050085,0x00000006,0x00002461,
0x00002459,0x00002459,0x00050085,0x00000006,
0x00002464,0x0000245e,0x0000245e,0x00050085,
0x00000006,0x00002467,0x0000014c,0x00002461,
0x00050081,0x00000006,0x00002469,0x00002467,
0x00000151,0x00050085,0x00000006,0x0000246c,
0x00002469,0x00002464,0x0005008e,0x00000011,
0x0000246f,0x00001f5a,0x0000246c,0x00050083,
0x0000000c,0x00001f65,0x000003ca,0x00001e2a,
0x00050051,0x00000006,0x00001f67,0x00002039,
0x00000001,0x00050051,0x00000006,0x00001f69,
0x00002040,0x00000001,0x00050051,0x00000006,
0x00001f6b,0x00002047,0x00000001,0x00060050,
0x00000011,0x00001f6c,0x00001f67,0x00001f69,
0x00001f6b,0x00050051,0x00000006,0x00002490,
0x00001f65,0x00000000,0x00050085,0x00000006,
0x00002493,0x00002490,0x00001eed,0x00050051,
0x00000006,0x00002495,0x00001f65,0x00000001,
0x00050085,0x00000006,0x00002498,0x00002495,
0x00001ef2,0x00050081,0x00000006,0x00002499,
0x00002493,0x00002498,0x00050085,0x00000006,
0x000024a0,0x00002490,0x0000243b,0x00050085,
0x00000006,0x000024a5,0x00002495,0x00001eed,
0x00050081,0x00000006,0x000024a6,0x000024a0,
0x000024a5,0x00050050,0x0000000c,0x0000438f,
0x00002499,0x000024a6,0x00050085,0x0000000c,
0x000024aa,0x0000438f,0x00001f0c,0x00050051,
0x00000006,0x000024ac,0x000024aa,0x00000000,
0x00050085,0x00000006,0x000024af,0x000024ac,
0x000024ac,0x00050051,0x00000006,0x000024b1,
0x000024aa,0x00000001,0x00050085,0x00000006,
0x000024b4,0x000024b1,0x000024b1,0x00050081,
0x00000006,0x000024b5,0x000024af,0x000024b4,
0x0007000c,0x00000006,0x000024b8,0x00000001,
0x00000025,0x000024b5,0x00002407,0x00050085,
0x00000006,0x000024bb,0x00000136,0x000024b8,
0x00050081,0x00000006,0x000024bd,0x000024bb,
0x0000013b,0x00050085,0x00000006,0x000024c0,
0x00001f11,0x000024b8,0x00050081,0x00000006,
0x000024c2,0x000024c0,0x0000013b,0x00050085,
0x00000006,0x000024c5,0x000024bd,0x000024bd,
0x00050085,0x00000006,0x000024c8,0x000024c2,
0x000024c2,0x00050085,0x00000006,0x000024cb,
0x0000014c,0x000024c5,0x00050081,0x00000006,
0x000024cd,0x000024cb,0x00000151,0x00050085,
0x00000006,0x000024d0,0x000024cd,0x000024c8,
0x0005008e,0x00000011,0x000024d3,0x00001f6c,
0x000024d0,0x00050081,0x00000011,0x000024d5,
0x0000246f,0x000024d3,0x00050081,0x00000006,
0x000024d8,0x0000246c,0x000024d0,0x00050083,
0x0000000c,0x00001f77,0x000003e5,0x00001e2a,
0x00050051,0x00000006,0x00001f79,0x0000204e,
0x00000000,0x00050051,0x00000006,0x00001f7b,
0x00002055,0x00000000,0x00050051,0x00000006,
0x00001f7d,0x0000205c,0x00000000,0x00060050,
0x00000011,0x00001f7e,0x00001f79,0x00001f7b,
0x00001f7d,0x00050051,0x00000006,0x000024f4,
0x00001f77,0x00000000,0x00050085,0x00000006,
0x000024f7,0x000024f4,0x00001eed,0x00050051,
0x00000006,0x000024f9,0x00001f77,0x00000001,
0x00050085,0x00000006,0x000024fc,0x000024f9,
0x00001ef2,0x00050081,0x00000006,0x000024fd,
0x000024f7,0x000024fc,0x00050085,0x00000006,
0x00002504,0x000024f4,0x0000243b,0x00050085,
0x00000006,0x00002509,0x000024f9,0x00001eed,
0x00050081,0x00000006,0x0000250a,0x00002504,
0x00002509,0x00050050,0x0000000c,0x00004390,
0x000024fd,0x0000250a,0x00050085,0x0000000c,
0x0000250e,0x00004390,0x00001f0c,0x00050051,
0x00000006,0x00002510,0x0000250e,0x00000000,
0x00050085,0x00000006,0x00002513,0x00002510,
0x00002510,0x00050051,0x00000006,0x00002515,
0x0000250e,0x00000001,0x00050085,0x00000006,
0x00002518,0x00002515,0x00002515,0x00050081,
0x00000006,0x00002519,0x00002513,0x00002518,
0x0007000c,0x00000006,0x0000251c,0x00000001,
0x00000025,0x00002519,0x00002407,0x00050085,
0x00000006,0x0000251f,0x00000136,0x0000251c,
0x00050081,0x00000006,0x00002521,0x0000251f,
0x0000013b,0x00050085,0x00000006,0x00002524,
0x00001f11,0x0000251c,0x00050081,0x00000006,
0x00002526,0x00002524,0x0000013b,0x00050085,
0x00000006,0x00002529,0x00002521,0x00002521,
0x00050085,0x00000006,0x0000252c,0x00002526,
0x00002526,0x00050085,0x00000006,0x0000252f,
0x0000014c,0x00002529,0x00050081,0x00000006,
0x00002531,0x0000252f,0x00000151,0x00050085,
0x00000006,0x00002534,0x00002531,0x0000252c,
0x0005008e,0x00000011,0x00002537,0x00001f7e,
0x00002534,0x00050081,0x00000011,0x00002539,
0x000024d5,0x00002537,0x00050081,0x00000006,
0x0000253c,0x000024d8,0x00002534,0x00050083,
0x0000000c,0x00001f89,0x00000400,0x00001e2a,
0x00050051,0x00000006,0x00002558,0x00001f89,
0x00000000,0x00050085,0x00000006,0x0000255b,
0x00002558,0x00001eed,0x00050051,0x00000006,
0x0000255d,0x00001f89,0x00000001,0x00050085,
0x00000006,0x00002560,0x0000255d,0x00001ef2,
0x00050081,0x00000006,0x00002561,0x0000255b,
0x00002560,0x00050085,0x00000006,0x00002568,
0x00002558,0x0000243b,0x00050085,0x00000006,
0x0000256d,0x0000255d,0x00001eed,0x00050081,
0x00000006,0x0000256e,0x00002568,0x0000256d,
0x00050050,0x0000000c,0x00004391,0x00002561,
0x0000256e,0x00050085,0x0000000c,0x00002572,
0x00004391,0x00001f0c,0x00050051,0x00000006,
0x00002574,0x00002572,0x00000000,0x00050085,
0x00000006,0x00002577,0x00002574,0x00002574,
0x00050051,0x00000006,0x00002579,0x00002572,
0x00000001,0x00050085,0x00000006,0x0000257c,
0x00002579,0x00002579,0x00050081,0x00000006,
0x0000257d,0x00002577,0x0000257c,0x0007000c,
0x00000006,0x00002580,0x00000001,0x00000025,
0x0000257d,0x00002407,0x00050085,0x00000006,
0x00002583,0x00000136,0x00002580,0x00050081,
0x00000006,0x00002585,0x00002583,0x0000013b,
0x00050085,0x00000006,0x00002588,0x00001f11,
0x00002580,0x00050081,0x00000006,0x0000258a,
0x00002588,0x0000013b,0x00050085,0x00000006,
0x0000258d,0x00002585,0x00002585,0x00050085,
0x00000006,0x00002590,0x0000258a,0x0000258a,
0x00050085,0x00000006,0x00002593,0x0000014c,
0x0000258d,0x00050081,0x00000006,0x00002595,
0x00002593,0x00000151,0x00050085,0x00000006,
0x00002598,0x00002595,0x00002590,0x0005008e,
0x00000011,0x0000259b,0x00001f28,0x00002598,
0x00050081,0x00000011,0x0000259d,0x00002539,
0x0000259b,0x00050081,0x00000006,0x000025a0,
0x0000253c,0x00002598,0x0004007f,0x0000000c,
0x00001f9b,0x00001e2a,0x00050051,0x00000006,
0x000025bc,0x00001f9b,0x00000000,0x00050085,
0x00000006,0x000025bf,0x000025bc,0x00001eed,
0x00050051,0x00000006,0x000025c1,0x00001f9b,
0x00000001,0x00050085,0x00000006,0x000025c4,
0x000025c1,0x00001ef2,0x00050081,0x00000006,
0x000025c5,0x000025bf,0x000025c4,0x00050085,
0x00000006,0x000025cc,0x000025bc,0x0000243b,
0x00050085,0x00000006,0x000025d1,0x000025c1,
0x00001eed,0x00050081,0x00000006,0x000025d2,
0x000025cc,0x000025d1,0x00050050,0x0000000c,
0x00004392,0x000025c5,0x000025d2,0x00050085,
0x0000000c,0x000025d6,0x00004392,0x00001f0c,
0x00050051,0x00000006,0x000025d8,0x000025d6,
0x00000000,0x00050085,0x00000006,0x000025db,
0x000025d8,0x000025d8,0x00050051,0x00000006,
0x000025dd,0x000025d6,0x00000001,0x00050085,
0x00000006,0x000025e0,0x000025dd,0x000025dd,
0x00050081,0x00000006,0x000025e1,0x000025db,
0x000025e0,0x0007000c,0x00000006,0x000025e4,
0x00000001,0x00000025,0x000025e1,0x00002407,
0x00050085,0x00000006,0x000025e7,0x00000136,
0x000025e4,0x00050081,0x00000006,0x000025e9,
0x000025e7,0x0000013b,0x00050085,0x00000006,
0x000025ec,0x00001f11,0x000025e4,0x00050081,
0x00000006,0x000025ee,0x000025ec,0x0000013b,
0x00050085,0x00000006,0x000025f1,0x000025e9,
0x000025e9,0x00050085,0x00000006,0x000025f4,
0x000025ee,0x000025ee,0x00050085,0x00000006,
0x000025f7,0x0000014c,0x000025f1,0x00050081,
0x00000006,0x000025f9,0x000025f7,0x00000151,
0x00050085,0x00000006,0x000025fc,0x000025f9,
0x000025f4,0x0005008e,0x00000011,0x000025ff,
0x00001f1a,0x000025fc,0x00050081,0x00000011,
0x00002601,0x0000259d,0x000025ff,0x00050081,
0x00000006,0x00002604,0x000025a0,0x000025fc,
0x00050083,0x0000000c,0x00001fad,0x00000436,
0x00001e2a,0x00050051,0x00000006,0x00001faf,
0x0000204e,0x00000003,0x00050051,0x00000006,
0x00001fb1,0x00002055,0x00000003,0x00050051,
0x00000006,0x00001fb3,0x0000205c,0x00000003,
0x00060050,0x00000011,0x00001fb4,0x00001faf,
0x00001fb1,0x00001fb3,0x00050051,0x00000006,
0x00002620,0x00001fad,0x00000000,0x00050085,
0x00000006,0x00002623,0x00002620,0x00001eed,
0x00050051,0x00000006,0x00002625,0x00001fad,
0x00000001,0x00050085,0x00000006,0x00002628,
0x00002625,0x00001ef2,0x00050081,0x00000006,
0x00002629,0x00002623,0x00002628,0x00050085,
0x00000006,0x00002630,0x00002620,0x0000243b,
0x00050085,0x00000006,0x00002635,0x00002625,
0x00001eed,0x00050081,0x00000006,0x00002636,
0x00002630,0x00002635,0x00050050,0x0000000c,
0x00004393,0x00002629,0x00002636,0x00050085,
0x0000000c,0x0000263a,0x00004393,0x00001f0c,
0x00050051,0x00000006,0x0000263c,0x0000263a,
0x00000000,0x00050085,0x00000006,0x0000263f,
0x0000263c,0x0000263c,0x00050051,0x00000006,
0x00002641,0x0000263a,0x00000001,0x00050085,
0x00000006,0x00002644,0x00002641,0x00002641,
0x00050081,0x00000006,0x00002645,0x0000263f,
0x00002644,0x0007000c,0x00000006,0x00002648,
0x00000001,0x00000025,0x00002645,0x00002407,
0x00050085,0x00000006,0x0000264b,0x00000136,
0x00002648,0x00050081,0x00000006,0x0000264d,
0x0000264b,0x0000013b,0x00050085,0x00000006,
0x00002650,0x00001f11,0x00002648,0x00050081,
0x00000006,0x00002652,0x00002650,0x0000013b,
0x00050085,0x00000006,0x00002655,0x0000264d,
0x0000264d,0x00050085,0x00000006,0x00002658,
0x00002652,0x00002652,0x00050085,0x00000006,
0x0000265b,0x0000014c,0x00002655,0x00050081,
0x00000006,0x0000265d,0x0000265b,0x00000151,
0x00050085,0x00000006,0x00002660,0x0000265d,
0x00002658,0x0005008e,0x00000011,0x00002663,
0x00001fb4,0x00002660,0x00050081,0x00000011,
0x00002665,0x00002601,0x00002663,0x00050081,
0x00000006,0x00002668,0x00002604,0x00002660,
0x00050083,0x0000000c,0x00001fbf,0x00000451,
0x00001e2a,0x00050051,0x00000006,0x00002684,
0x00001fbf,0x00000000,0x00050085,0x00000006,
0x00002687,0x00002684,0x00001eed,0x00050051,
0x00000006,0x00002689,0x00001fbf,0x00000001,
0x00050085,0x00000006,0x0000268c,0x00002689,
0x00001ef2,0x00050081,0x00000006,0x0000268d,
0x00002687,0x0000268c,0x00050085,0x00000006,
0x00002694,0x00002684,0x0000243b,0x00050085,
0x00000006,0x00002699,0x00002689,0x00001eed,
0x00050081,0x00000006,0x0000269a,0x00002694,
0x00002699,0x00050050,0x0000000c,0x00004394,
0x0000268d,0x0000269a,0x00050085,0x0000000c,
0x0000269e,0x00004394,0x00001f0c,0x00050051,
0x00000006,0x000026a0,0x0000269e,0x00000000,
0x00050085,0x00000006,0x000026a3,0x000026a0,
0x000026a0,0x00050051,0x00000006,0x000026a5,
0x0000269e,0x00000001,0x00050085,0x00000006,
0x000026a8,0x000026a5,0x000026a5,0x00050081,
0x00000006,0x000026a9,0x000026a3,0x000026a8,
0x0007000c,0x00000006,0x000026ac,0x00000001,
0x00000025,0x000026a9,0x00002407,0x00050085,
0x00000006,0x000026af,0x00000136,0x000026ac,
0x00050081,0x00000006,0x000026b1,0x000026af,
0x0000013b,0x00050085,0x00000006,0x000026b4,
0x00001f11,0x000026ac,0x00050081,0x00000006,
0x000026b6,0x000026b4,0x0000013b,0x00050085,
0x00000006,0x000026b9,0x000026b1,0x000026b1,
0x00050085,0x00000006,0x000026bc,0x000026b6,
0x000026b6,0x00050085,0x00000006,0x000026bf,
0x0000014c,0x000026b9,0x00050081,0x00000006,
0x000026c1,0x000026bf,0x00000151,0x00050085,
0x00000006,0x000026c4,0x000026c1,0x000026bc,
0x0005008e,0x00000011,0x000026c7,0x00001f30,
0x000026c4,0x00050081,0x00000011,0x000026c9,
0x00002665,0x000026c7,0x00050081,0x00000006,
0x000026cc,0x00002668,0x000026c4,0x00050083,
0x0000000c,0x00001fd1,0x0000046d,0x00001e2a,
0x00050051,0x00000006,0x00001fd3,0x00002063,
0x00000001,0x00050051,0x00000006,0x00001fd5,
0x0000206a,0x00000001,0x00050051,0x00000006,
0x00001fd7,0x00002071,0x00000001,0x00060050,
0x00000011,0x00001fd8,0x00001fd3,0x00001fd5,
0x00001fd7,0x00050051,0x00000006,0x000026e8,
0x00001fd1,0x00000000,0x00050085,0x00000006,
0x000026eb,0x000026e8,0x00001eed,0x00050051,
0x00000006,0x000026ed,0x00001fd1,0x00000001,
0x00050085,0x00000006,0x000026f0,0x000026ed,
0x00001ef2,0x00050081,0x00000006,0x000026f1,
0x000026eb,0x000026f0,0x00050085,0x00000006,
0x000026f8,0x000026e8,0x0000243b,0x00050085,
0x00000006,0x000026fd,0x000026ed,0x00001eed,
0x00050081,0x00000006,0x000026fe,0x000026f8,
0x000026fd,0x00050050,0x0000000c,0x00004395,
0x000026f1,0x000026fe,0x00050085,0x0000000c,
0x00002702,0x00004395,0x00001f0c,0x00050051,
0x00000006,0x00002704,0x00002702,0x00000000,
0x00050085,0x00000006,0x00002707,0x00002704,
0x00002704,0x00050051,0x00000006,0x00002709,
0x00002702,0x00000001,0x00050085,0x00000006,
0x0000270c,0x00002709,0x00002709,0x00050081,
0x00000006,0x0000270d,0x00002707,0x0000270c,
0x0007000c,0x00000006,0x00002710,0x00000001,
0x00000025,0x0000270d,0x00002407,0x00050085,
0x00000006,0x00002713,0x00000136,0x00002710,
0x00050081,0x00000006,0x00002715,0x00002713,
0x0000013b,0x00050085,0x00000006,0x00002718,
0x00001f11,0x00002710,0x00050081,0x00000006,
0x0000271a,0x00002718,0x0000013b,0x00050085,
0x00000006,0x0000271d,0x00002715,0x00002715,
0x00050085,0x00000006,0x00002720,0x0000271a,
0x0000271a,0x00050085,0x00000006,0x00002723,
0x0000014c,0x0000271d,0x00050081,0x00000006,
0x00002725,0x00002723,0x00000151,0x00050085,
0x00000006,0x00002728,0x00002725,0x00002720,
0x0005008e,0x00000011,0x0000272b,0x00001fd8,
0x00002728,0x00050081,0x00000011,0x0000272d,
0x000026c9,0x0000272b,0x00050081,0x00000006,
0x00002730,0x000026cc,0x00002728,0x00050083,
0x0000000c,0x00001fe3,0x00000488,0x00001e2a,
0x00050051,0x00000006,0x00001fe5,0x00002063,
0x00000002,0x00050051,0x00000006,0x00001fe7,
0x0000206a,0x00000002,0x00050051,0x00000006,
0x00001fe9,0x00002071,0x00000002,0x00060050,
0x00000011,0x00001fea,0x00001fe5,0x00001fe7,
0x00001fe9,0x00050051,0x00000006,0x0000274c,
0x00001fe3,0x00000000,0x00050085,0x00000006,
0x0000274f,0x0000274c,0x00001eed,0x00050051,
0x00000006,0x00002751,0x00001fe3,0x00000001,
0x00050085,0x00000006,0x00002754,0x00002751,
0x00001ef2,0x00050081,0x00000006,0x00002755,
0x0000274f,0x00002754,0x00050085,0x00000006,
0x0000275c,0x0000274c,0x0000243b,0x00050085,
0x00000006,0x00002761,0x00002751,0x00001eed,
0x00050081,0x00000006,0x00002762,0x0000275c,
0x00002761,0x00050050,0x0000000c,0x00004396,
0x00002755,0x00002762,0x00050085,0x0000000c,
0x00002766,0x00004396,0x00001f0c,0x00050051,
0x00000006,0x00002768,0x00002766,0x00000000,
0x00050085,0x00000006,0x0000276b,0x00002768,
0x00002768,0x00050051,0x00000006,0x0000276d,
0x00002766,0x00000001,0x00050085,0x00000006,
0x00002770,0x0000276d,0x0000276d,0x00050081,
0x00000006,0x00002771,0x0000276b,0x00002770,
0x0007000c,0x00000006,0x00002774,0x00000001,
0x00000025,0x00002771,0x00002407,0x00050085,
0x00000006,0x00002777,0x00000136,0x00002774,
0x00050081,0x00000006,0x00002779,0x00002777,
0x0000013b,0x00050085,0x00000006,0x0000277c,
0x00001f11,0x00002774,0x00050081,0x00000006,
0x0000277e,0x0000277c,0x0000013b,0x00050085,
0x00000006,0x00002781,0x00002779,0x00002779,
0x00050085,0x00000006,0x00002784,0x0000277e,
0x0000277e,0x00050085,0x00000006,0x00002787,
0x0000014c,0x00002781,0x00050081,0x00000006,
0x00002789,0x00002787,0x00000151,0x00050085,
0x00000006,0x0000278c,0x00002789,0x00002784,
0x0005008e,0x00000011,0x0000278f,0x00001fea,
0x0000278c,0x00050081,0x00000011,0x00002791,
0x0000272d,0x0000278f,0x00050081,0x00000006,
0x00002794,0x00002730,0x0000278c,0x00050083,
0x0000000c,0x00001ff5,0x000004a3,0x00001e2a,
0x00050051,0x00000006,0x000027b0,0x00001ff5,
0x00000000,0x00050085,0x00000006,0x000027b3,
0x000027b0,0x00001eed,0x00050051,0x00000006,
0x000027b5,0x00001ff5,0x00000001,0x00050085,
0x00000006,0x000027b8,0x000027b5,0x00001ef2,
0x00050081,0x00000006,0x000027b9,0x000027b3,
0x000027b8,0x00050085,0x00000006,0x000027c0,
0x000027b0,0x0000243b,0x00050085,0x00000006,
0x000027c5,0x000027b5,0x00001eed,0x00050081,
0x00000006,0x000027c6,0x000027c0,0x000027c5,
0x00050050,0x0000000c,0x00004397,0x000027b9,
0x000027c6,0x00050085,0x0000000c,0x000027ca,
0x00004397,0x00001f0c,0x00050051,0x00000006,
0x000027cc,0x000027ca,0x00000000,0x00050085,
0x00000006,0x000027cf,0x000027cc,0x000027cc,
0x00050051,0x00000006,0x000027d1,0x000027ca,
0x00000001,0x00050085,0x00000006,0x000027d4,
0x000027d1,0x000027d1,0x00050081,0x00000006,
0x000027d5,0x000027cf,0x000027d4,0x0007000c,
0x00000006,0x000027d8,0x00000001,0x00000025,
0x000027d5,0x00002407,0x00050085,0x00000006,
0x000027db,0x00000136,0x000027d8,0x00050081,
0x00000006,0x000027dd,0x000027db,0x0000013b,
0x00050085,0x00000006,0x000027e0,0x00001f11,
0x000027d8,0x00050081,0x00000006,0x000027e2,
0x000027e0,0x0000013b,0x00050085,0x00000006,
0x000027e5,0x000027dd,0x000027dd,0x00050085,
0x00000006,0x000027e8,0x000027e2,0x000027e2,
0x00050085,0x00000006,0x000027eb,0x0000014c,
0x000027e5,0x00050081,0x00000006,0x000027ed,
0x000027eb,0x00000151,0x00050085,0x00000006,
0x000027f0,0x000027ed,0x000027e8,0x0005008e,
0x00000011,0x000027f3,0x00001f21,0x000027f0,
0x00050081,0x00000011,0x000027f5,0x00002791,
0x000027f3,0x00050081,0x00000006,0x000027f8,
0x00002794,0x000027f0,0x00050083,0x0000000c,
0x00002007,0x000004be,0x00001e2a,0x00050051,
0x00000006,0x00002009,0x00002078,0x00000002,
0x00050051,0x00000006,0x0000200b,0x0000207f,
0x00000002,0x00050051,0x00000006,0x0000200d,
0x00002086,0x00000002,0x00060050,0x00000011,
0x0000200e,0x00002009,0x0000200b,0x0000200d,
0x00050051,0x00000006,0x00002814,0x00002007,
0x00000000,0x00050085,0x00000006,0x00002817,
0x00002814,0x00001eed,0x00050051,0x00000006,
0x00002819,0x00002007,0x00000001,0x00050085,
0x00000006,0x0000281c,0x00002819,0x00001ef2,
0x00050081,0x00000006,0x0000281d,0x00002817,
0x0000281c,0x00050085,0x00000006,0x00002824,
0x00002814,0x0000243b,0x00050085,0x00000006,
0x00002829,0x00002819,0x00001eed,0x00050081,
0x00000006,0x0000282a,0x00002824,0x00002829,
0x00050050,0x0000000c,0x00004398,0x0000281d,
0x0000282a,0x00050085,0x0000000c,0x0000282e,
0x00004398,0x00001f0c,0x00050051,0x00000006,
0x00002830,0x0000282e,0x00000000,0x00050085,
0x00000006,0x00002833,0x00002830,0x00002830,
0x00050051,0x00000006,0x00002835,0x0000282e,
0x00000001,0x00050085,0x00000006,0x00002838,
0x00002835,0x00002835,0x00050081,0x00000006,
0x00002839,0x00002833,0x00002838,0x0007000c,
0x00000006,0x0000283c,0x00000001,0x00000025,
0x00002839,0x00002407,0x00050085,0x00000006,
0x0000283f,0x00000136,0x0000283c,0x00050081,
0x00000006,0x00002841,0x0000283f,0x0000013b,
0x00050085,0x00000006,0x00002844,0x00001f11,
0x0000283c,0x00050081,0x00000006,0x00002846,
0x00002844,0x0000013b,0x00050085,0x00000006,
0x00002849,0x00002841,0x00002841,0x00050085,
0x00000006,0x0000284c,0x00002846,0x00002846,
0x00050085,0x00000006,0x0000284f,0x0000014c,
0x00002849,0x00050081,0x00000006,0x00002851,
0x0000284f,0x00000151,0x00050085,0x00000006,
0x00002854,0x00002851,0x0000284c,0x0005008e,
0x00000011,0x00002857,0x0000200e,0x00002854,
0x00050081,0x00000011,0x00002859,0x000027f5,
0x00002857,0x00050081,0x00000006,0x0000285c,
0x000027f8,0x00002854,0x00050083,0x0000000c,
0x00002019,0x000004d9,0x00001e2a,0x00050051,
0x00000006,0x0000201b,0x00002078,0x00000003,
0x00050051,0x00000006,0x0000201d,0x0000207f,
0x00000003,0x00050051,0x00000006,0x0000201f,
0x00002086,0x00000003,0x00060050,0x00000011,
0x00002020,0x0000201b,0x0000201d,0x0000201f,
0x00050051,0x00000006,0x00002878,0x00002019,
0x00000000,0x00050085,0x00000006,0x0000287b,
0x00002878,0x00001eed,0x00050051,0x00000006,
0x0000287d,0x00002019,0x00000001,0x00050085,
0x00000006,0x00002880,0x0000287d,0x00001ef2,
0x00050081,0x00000006,0x00002881,0x0000287b,
0x00002880,0x00050085,0x00000006,0x00002888,
0x00002878,0x0000243b,0x00050085,0x00000006,
0x0000288d,0x0000287d,0x00001eed,0x00050081,
0x00000006,0x0000288e,0x00002888,0x0000288d,
0x00050050,0x0000000c,0x00004399,0x00002881,
0x0000288e,0x00050085,0x0000000c,0x00002892,
0x00004399,0x00001f0c,0x00050051,0x00000006,
0x00002894,0x00002892,0x00000000,0x00050085,
0x00000006,0x00002897,0x00002894,0x00002894,
0x00050051,0x00000006,0x00002899,0x00002892,
0x00000001,0x00050085,0x00000006,0x0000289c,
0x00002899,0x00002899,0x00050081,0x00000006,
0x0000289d,0x00002897,0x0000289c,0x0007000c,
0x00000006,0x000028a0,0x00000001,0x00000025,
0x0000289d,0x00002407,0x00050085,0x00000006,
0x000028a3,0x00000136,0x000028a0,0x00050081,
0x00000006,0x000028a5,0x000028a3,0x0000013b,
0x00050085,0x00000006,0x000028a8,0x00001f11,
0x000028a0,0x00050081,0x00000006,0x000028aa,
0x000028a8,0x0000013b,0x00050085,0x00000006,
0x000028ad,0x000028a5,0x000028a5,0x00050085,
0x00000006,0x000028b0,0x000028aa,0x000028aa,
0x00050085,0x00000006,0x000028b3,0x0000014c,
0x000028ad,0x00050081,0x00000006,0x000028b5,
0x000028b3,0x00000151,0x00050085,0x00000006,
0x000028b8,0x000028b5,0x000028b0,0x0005008e,
0x00000011,0x000028bb,0x00002020,0x000028b8,
0x00050081,0x00000011,0x000028bd,0x00002859,
0x000028bb,0x00050081,0x00000006,0x000028c0,
0x0000285c,0x000028b8,0x00050088,0x00000006,
0x000028d5,0x000000b1,0x000028c0,0x00060050,
0x00000011,0x000028dc,0x000028d5,0x000028d5,
0x000028d5,0x00050085,0x00000011,0x00002030,
0x000028bd,0x000028dc,0x0007000c,0x00000011,
0x00002031,0x00000001,0x00000028,0x00001f31,
0x00002030,0x0007000c,0x00000011,0x00002032,
0x00000001,0x00000025,0x00001f4f,0x00002031,
0x0004003d,0x00000516,0x00001d24,0x00000518,
0x0004007c,0x0000051b,0x00001d26,0x00004388,
0x00050051,0x00000006,0x00001d28,0x00002032,
0x00000000,0x00050051,0x00000006,0x00001d29,
0x00002032,0x00000001,0x00050051,0x00000006,
0x00001d2a,0x00002032,0x00000002,0x00070050,
0x00000016,0x00001d2b,0x00001d28,0x00001d29,
0x00001d2a,0x000000b1,0x00040063,0x00001d24,
0x00001d26,0x00001d2b,0x00060052,0x00000044,
0x00003892,0x0000053a,0x00004388,0x00000000,
0x00040070,0x0000000c,0x000029e9,0x00003892,
0x00050085,0x0000000c,0x000029ed,0x000029e9,
0x00000688,0x00050081,0x0000000c,0x000029f1,
0x000029ed,0x0000068c,0x0006000c,0x0000000c,
0x000029f3,0x00000001,0x00000008,0x000029f1,
0x00050083,0x0000000c,0x000029f6,0x000029f1,
0x000029f3,0x00050085,0x0000000c,0x000029fb,
0x000029f3,0x00000696,0x00050081,0x0000000c,
0x000029ff,0x000029fb,0x0000069a,0x00050081,
0x0000000c,0x00002a04,0x000029ff,0x0000069f,
0x00050081,0x0000000c,0x00002a09,0x000029ff,
0x000006a4,0x00050081,0x0000000c,0x00002a0e,
0x000029ff,0x000006a9,0x0004003d,0x000000ea,
0x00002c01,0x000000ec,0x0004003d,0x000000ee,
0x00002c02,0x000000f0,0x00050056,0x000000f2,
0x00002c03,0x00002c01,0x00002c02,0x00060060,
0x00000016,0x00002c05,0x00002c03,0x000029ff,
0x0000009d,0x0004003d,0x000000ea,0x00002c08,
0x000000ec,0x0004003d,0x000000ee,0x00002c09,
0x000000f0,0x00050056,0x000000f2,0x00002c0a,
0x00002c08,0x00002c09,0x00060060,0x00000016,
0x00002c0c,0x00002c0a,0x000029ff,0x000000fc,
0x0004003d,0x000000ea,0x00002c0f,0x000000ec,
0x0004003d,0x000000ee,0x00002c10,0x000000f0,
0x00050056,0x000000f2,0x00002c11,0x00002c0f,
0x00002c10,0x00060060,0x00000016,0x00002c13,
0x00002c11,0x000029ff,0x00000104,0x0004003d,
0x000000ea,0x00002c16,0x000000ec,0x0004003d,
0x000000ee,0x00002c17,0x000000f0,0x00050056,
0x000000f2,0x00002c18,0x00002c16,0x00002c17,
0x00060060,0x00000016,0x00002c1a,0x00002c18,
0x00002a04,0x0000009d,0x0004003d,0x000000ea,
0x00002c1d,0x000000ec,0x0004003d,0x000000ee,
0x00002c1e,0x000000f0,0x00050056,0x000000f2,
0x00002c1f,0x00002c1d,0x00002c1e,0x00060060,
0x00000016,0x00002c21,0x00002c1f,0x00002a04,
0x000000fc,0x0004003d,0x000000ea,0x00002c24,
0x000000ec,0x0004003d,0x000000ee,0x00002c25,
0x000000f0,0x00050056,0x000000f2,0x00002c26,
0x00002c24,0x00002c25,0x00060060,0x00000016,
0x00002c28,0x00002c26,0x00002a04,0x00000104,
0x0004003d,0x000000ea,0x00002c2b,0x000000ec,
0x0004003d,0x000000ee,0x00002c2c,0x000000f0,
0x00050056,0x000000f2,0x00002c2d,0x00002c2b,
0x00002c2c,0x00060060,0x00000016,0x00002c2f,
0x00002c2d,0x00002a09,0x0000009d,0x0004003d,
0x000000ea,0x00002c32,0x000000ec,0x0004003d,
0x000000ee,0x00002c33,0x000000f0,0x00050056,
0x000000f2,0x00002c34,0x00002c32,0x00002c33,
0x00060060,0x00000016,0x00002c36,0x00002c34,
0x00002a09,0x000000fc,0x0004003d,0x000000ea,
0x00002c39,0x000000ec,0x0004003d,0x000000ee,
0x00002c3a,0x000000f0,0x00050056,0x000000f2,
0x00002c3b,0x00002c39,0x00002c3a,0x00060060,
0x00000016,0x00002c3d,0x00002c3b,0x00002a09,
0x00000104,0x0004003d,0x000000ea,0x00002c40,
0x000000ec,0x0004003d,0x000000ee,0x00002c41,
0x000000f0,0x00050056,0x000000f2,0x00002c42,
0x00002c40,0x00002c41,0x00060060,0x00000016,
0x00002c44,0x00002c42,0x00002a0e,0x0000009d,
0x0004003d,0x000000ea,0x00002c47,0x000000ec,
0x0004003d,0x000000ee,0x00002c48,0x000000f0,
0x00050056,0x000000f2,0x00002c49,0x00002c47,
0x00002c48,0x00060060,0x00000016,0x00002c4b,
0x00002c49,0x00002a0e,0x000000fc,0x0004003d,
0x000000ea,0x00002c4e,0x000000ec,0x0004003d,
0x000000ee,0x00002c4f,0x000000f0,0x00050056,
0x000000f2,0x00002c50,0x00002c4e,0x00002c4f,
0x00060060,0x00000016,0x00002c52,0x00002c50,
0x00002a0e,0x00000104,0x00050085,0x00000016,
0x00002a29,0x00002c13,0x00004361,0x00050085,
0x00000016,0x00002a2c,0x00002c05,0x00004361,
0x00050081,0x00000016,0x00002a2e,0x00002a2c,
0x00002c0c,0x00050081,0x00000016,0x00002a2f,
0x00002a29,0x00002a2e,0x00050085,0x00000016,
0x00002a32,0x00002c28,0x00004361,0x00050085,
0x00000016,0x00002a35,0x00002c1a,0x00004361,
0x00050081,0x00000016,0x00002a37,0x00002a35,
0x00002c21,0x00050081,0x00000016,0x00002a38,
0x00002a32,0x00002a37,0x00050085,0x00000016,
0x00002a3b,0x00002c3d,0x00004361,0x00050085,
0x00000016,0x00002a3e,0x00002c2f,0x00004361,
0x00050081,0x00000016,0x00002a40,0x00002a3e,
0x00002c36,0x00050081,0x00000016,0x00002a41,
0x00002a3b,0x00002a40,0x00050085,0x00000016,
0x00002a44,0x00002c52,0x00004361,0x00050085,
0x00000016,0x00002a47,0x00002c44,0x00004361,
0x00050081,0x00000016,0x00002a49,0x00002a47,
0x00002c4b,0x00050081,0x00000016,0x00002a4a,
0x00002a44,0x00002a49,0x00050051,0x00000006,
0x00002a4c,0x00002a2f,0x00000000,0x00050051,
0x00000006,0x00002a4e,0x00002a2f,0x00000001,
0x00050051,0x00000006,0x00002a50,0x00002a38,
0x00000000,0x00050051,0x00000006,0x00002a52,
0x00002a38,0x00000001,0x00050051,0x00000006,
0x00002a54,0x00002a38,0x00000002,0x00050051,
0x00000006,0x00002a56,0x00002a38,0x00000003,
0x00050051,0x00000006,0x00002a58,0x00002a41,
0x00000000,0x00050051,0x00000006,0x00002a5a,
0x00002a41,0x00000001,0x00050051,0x00000006,
0x00002a5c,0x00002a41,0x00000002,0x00050051,
0x00000006,0x00002a5e,0x00002a41,0x00000003,
0x00050051,0x00000006,0x00002a60,0x00002a4a,
0x00000002,0x00050051,0x00000006,0x00002a62,
0x00002a4a,0x00000003,0x00050051,0x00000006,
0x00002c92,0x000029f6,0x00000000,0x00050083,
0x00000006,0x00002c93,0x000000b1,0x00002c92,
0x00050051,0x00000006,0x00002c96,0x000029f6,
0x00000001,0x00050083,0x00000006,0x00002c97,
0x000000b1,0x00002c96,0x00050085,0x00000006,
0x00002c98,0x00002c93,0x00002c97,0x00050083,
0x00000006,0x00002cb8,0x00002a5e,0x00002a54,
0x00050083,0x00000006,0x00002cbb,0x00002a54,
0x00002a56,0x0006000c,0x00000006,0x00002cbd,
0x00000001,0x00000004,0x00002cb8,0x0006000c,
0x00000006,0x00002cbf,0x00000001,0x00000004,
0x00002cbb,0x0007000c,0x00000006,0x00002cc0,
0x00000001,0x00000028,0x00002cbd,0x00002cbf,
0x0004007c,0x0000001b,0x00002d12,0x00002cc0,
0x00050082,0x0000001b,0x00002d13,0x000000c1,
0x00002d12,0x0004007c,0x00000006,0x00002d14,
0x00002d13,0x00050083,0x00000006,0x00002cc5,
0x00002a5e,0x00002a56,0x00050085,0x00000006,
0x00002cc8,0x00002cc5,0x00002c98,0x0006000c,
0x00000006,0x00002cce,0x00000001,0x00000004,
0x00002cc5,0x00050085,0x00000006,0x00002cd0,
0x00002cce,0x00002d14,0x0008000c,0x00000006,
0x00002d1f,0x00000001,0x0000002b,0x00002cd0,
0x000000b9,0x000000b1,0x00050085,0x00000006,
0x00002cd4,0x00002d1f,0x00002d1f,0x00050083,
0x00000006,0x00002cdc,0x00002a52,0x00002a54,
0x00050083,0x00000006,0x00002cdf,0x00002a54,
0x00002a4c,0x0006000c,0x00000006,0x00002ce1,
0x00000001,0x00000004,0x00002cdc,0x0006000c,
0x00000006,0x00002ce3,0x00000001,0x00000004,
0x00002cdf,0x0007000c,0x00000006,0x00002ce4,
0x00000001,0x00000028,0x00002ce1,0x00002ce3,
0x0004007c,0x0000001b,0x00002d2b,0x00002ce4,
0x00050082,0x0000001b,0x00002d2c,0x000000c1,
0x00002d2b,0x0004007c,0x00000006,0x00002d2d,
0x00002d2c,0x00050083,0x00000006,0x00002ce9,
0x00002a52,0x00002a4c,0x00050085,0x00000006,
0x00002cec,0x00002ce9,0x00002c98,0x0006000c,
0x00000006,0x00002cf2,0x00000001,0x00000004,
0x00002ce9,0x00050085,0x00000006,0x00002cf4,
0x00002cf2,0x00002d2d,0x0008000c,0x00000006,
0x00002d38,0x00000001,0x0000002b,0x00002cf4,
0x000000b9,0x000000b1,0x00050085,0x00000006,
0x00002cf8,0x00002d38,0x00002d38,0x00050081,
0x00000006,0x000043ae,0x00002cd4,0x00002cf8,
0x00050085,0x00000006,0x00002cfd,0x00002c98,
0x000043ae,0x00050085,0x00000006,0x00002d67,
0x00002c92,0x00002c97,0x00050083,0x00000006,
0x00002d7d,0x00002a5c,0x00002a5e,0x0006000c,
0x00000006,0x00002d82,0x00000001,0x00000004,
0x00002d7d,0x0007000c,0x00000006,0x00002d85,
0x00000001,0x00000028,0x00002d82,0x00002cbd,
0x0004007c,0x0000001b,0x00002dd7,0x00002d85,
0x00050082,0x0000001b,0x00002dd8,0x000000c1,
0x00002dd7,0x0004007c,0x00000006,0x00002dd9,
0x00002dd8,0x00050083,0x00000006,0x00002d8a,
0x00002a5c,0x00002a54,0x00050085,0x00000006,
0x00002d8d,0x00002d8a,0x00002d67,0x00050081,
0x00000006,0x00002d90,0x00002cc8,0x00002d8d,
0x0006000c,0x00000006,0x00002d93,0x00000001,
0x00000004,0x00002d8a,0x00050085,0x00000006,
0x00002d95,0x00002d93,0x00002dd9,0x0008000c,
0x00000006,0x00002de4,0x00000001,0x0000002b,
0x00002d95,0x000000b9,0x000000b1,0x00050085,
0x00000006,0x00002d99,0x00002de4,0x00002de4,
0x00050085,0x00000006,0x00002d9c,0x00002d99,
0x00002d67,0x00050081,0x00000006,0x00002d9e,
0x00002cfd,0x00002d9c,0x00050083,0x00000006,
0x00002da1,0x00002a58,0x00002a5e,0x00050083,
0x00000006,0x00002da4,0x00002a5e,0x00002a4e,
0x0006000c,0x00000006,0x00002da6,0x00000001,
0x00000004,0x00002da1,0x0006000c,0x00000006,
0x00002da8,0x00000001,0x00000004,0x00002da4,
0x0007000c,0x00000006,0x00002da9,0x00000001,
0x00000028,0x00002da6,0x00002da8,0x0004007c,
0x0000001b,0x00002df0,0x00002da9,0x00050082,
0x0000001b,0x00002df1,0x000000c1,0x00002df0,
0x0004007c,0x00000006,0x00002df2,0x00002df1,
0x00050083,0x00000006,0x00002dae,0x00002a58,
0x00002a4e,0x00050085,0x00000006,0x00002db1,
0x00002dae,0x00002d67,0x00050081,0x00000006,
0x00002db4,0x00002cec,0x00002db1,0x0006000c,
0x00000006,0x00002db7,0x00000001,0x00000004,
0x00002dae,0x00050085,0x00000006,0x00002db9,
0x00002db7,0x00002df2,0x0008000c,0x00000006,
0x00002dfd,0x00000001,0x0000002b,0x00002db9,
0x000000b9,0x000000b1,0x00050085,0x00000006,
0x00002dbd,0x00002dfd,0x00002dfd,0x00050085,
0x00000006,0x00002dc0,0x00002dbd,0x00002d67,
0x00050081,0x00000006,0x00002dc2,0x00002d9e,
0x00002dc0,0x00050085,0x00000006,0x00002e36,
0x00002c93,0x00002c96,0x00050083,0x00000006,
0x00002e42,0x00002a58,0x00002a52,0x00050083,
0x00000006,0x00002e45,0x00002a52,0x00002a50,
0x0006000c,0x00000006,0x00002e47,0x00000001,
0x00000004,0x00002e42,0x0006000c,0x00000006,
0x00002e49,0x00000001,0x00000004,0x00002e45,
0x0007000c,0x00000006,0x00002e4a,0x00000001,
0x00000028,0x00002e47,0x00002e49,0x0004007c,
0x0000001b,0x00002e9c,0x00002e4a,0x00050082,
0x0000001b,0x00002e9d,0x000000c1,0x00002e9c,
0x0004007c,0x00000006,0x00002e9e,0x00002e9d,
0x00050083,0x00000006,0x00002e4f,0x00002a58,
0x00002a50,0x00050085,0x00000006,0x00002e52,
0x00002e4f,0x00002e36,0x00050081,0x00000006,
0x00002e55,0x00002d90,0x00002e52,0x0006000c,
0x00000006,0x00002e58,0x00000001,0x00000004,
0x00002e4f,0x00050085,0x00000006,0x00002e5a,
0x00002e58,0x00002e9e,0x0008000c,0x00000006,
0x00002ea9,0x00000001,0x0000002b,0x00002e5a,
0x000000b9,0x000000b1,0x00050085,0x00000006,
0x00002e5e,0x00002ea9,0x00002ea9,0x00050085,
0x00000006,0x00002e61,0x00002e5e,0x00002e36,
0x00050081,0x00000006,0x00002e63,0x00002dc2,
0x00002e61,0x00050083,0x00000006,0x00002e66,
0x00002a62,0x00002a52,0x0006000c,0x00000006,
0x00002e6b,0x00000001,0x00000004,0x00002e66,
0x0007000c,0x00000006,0x00002e6e,0x00000001,
0x00000028,0x00002e6b,0x00002ce1,0x0004007c,
0x0000001b,0x00002eb5,0x00002e6e,0x00050082,
0x0000001b,0x00002eb6,0x000000c1,0x00002eb5,
0x0004007c,0x00000006,0x00002eb7,0x00002eb6,
0x00050083,0x00000006,0x00002e73,0x00002a62,
0x00002a54,0x00050085,0x00000006,0x00002e76,
0x00002e73,0x00002e36,0x00050081,0x00000006,
0x00002e79,0x00002db4,0x00002e76,0x0006000c,
0x00000006,0x00002e7c,0x00000001,0x00000004,
0x00002e73,0x00050085,0x00000006,0x00002e7e,
0x00002e7c,0x00002eb7,0x0008000c,0x00000006,
0x00002ec2,0x00000001,0x0000002b,0x00002e7e,
0x000000b9,0x000000b1,0x00050085,0x00000006,
0x00002e82,0x00002ec2,0x00002ec2,0x00050085,
0x00000006,0x00002e85,0x00002e82,0x00002e36,
0x00050081,0x00000006,0x00002e87,0x00002e63,
0x00002e85,0x00050085,0x00000006,0x00002f03,
0x00002c92,0x00002c96,0x00050083,0x00000006,
0x00002f07,0x00002a5a,0x00002a58,0x0006000c,
0x00000006,0x00002f0c,0x00000001,0x00000004,
0x00002f07,0x0007000c,0x00000006,0x00002f0f,
0x00000001,0x00000028,0x00002f0c,0x00002e47,
0x0004007c,0x0000001b,0x00002f61,0x00002f0f,
0x00050082,0x0000001b,0x00002f62,0x000000c1,
0x00002f61,0x0004007c,0x00000006,0x00002f63,
0x00002f62,0x00050083,0x00000006,0x00002f14,
0x00002a5a,0x00002a52,0x00050085,0x00000006,
0x00002f17,0x00002f14,0x00002f03,0x00050081,
0x00000006,0x00002f1a,0x00002e55,0x00002f17,
0x0006000c,0x00000006,0x00002f1d,0x00000001,
0x00000004,0x00002f14,0x00050085,0x00000006,
0x00002f1f,0x00002f1d,0x00002f63,0x0008000c,
0x00000006,0x00002f6e,0x00000001,0x0000002b,
0x00002f1f,0x000000b9,0x000000b1,0x00050085,
0x00000006,0x00002f23,0x00002f6e,0x00002f6e,
0x00050085,0x00000006,0x00002f26,0x00002f23,
0x00002f03,0x00050081,0x00000006,0x00002f28,
0x00002e87,0x00002f26,0x00050083,0x00000006,
0x00002f2b,0x00002a60,0x00002a58,0x0006000c,
0x00000006,0x00002f30,0x00000001,0x00000004,
0x00002f2b,0x0007000c,0x00000006,0x00002f33,
0x00000001,0x00000028,0x00002f30,0x00002da6,
0x0004007c,0x0000001b,0x00002f7a,0x00002f33,
0x00050082,0x0000001b,0x00002f7b,0x000000c1,
0x00002f7a,0x0004007c,0x00000006,0x00002f7c,
0x00002f7b,0x00050083,0x00000006,0x00002f38,
0x00002a60,0x00002a5e,0x00050085,0x00000006,
0x00002f3b,0x00002f38,0x00002f03,0x00050081,
0x00000006,0x00002f3e,0x00002e79,0x00002f3b,
0x00050050,0x0000000c,0x0000439d,0x00002f1a,
0x00002f3e,0x0006000c,0x00000006,0x00002f41,
0x00000001,0x00000004,0x00002f38,0x00050085,
0x00000006,0x00002f43,0x00002f41,0x00002f7c,
0x0008000c,0x00000006,0x00002f87,0x00000001,
0x0000002b,0x00002f43,0x000000b9,0x000000b1,
0x00050085,0x00000006,0x00002f47,0x00002f87,
0x00002f87,0x00050085,0x00000006,0x00002f4a,
0x00002f47,0x00002f03,0x00050081,0x00000006,
0x00002f4c,0x00002f28,0x00002f4a,0x00050085,
0x0000000c,0x00002a93,0x0000439d,0x0000439d,
0x00050051,0x00000006,0x00002a95,0x00002a93,
0x00000000,0x00050051,0x00000006,0x00002a97,
0x00002a93,0x00000001,0x00050081,0x00000006,
0x00002a98,0x00002a95,0x00002a97,0x000500b8,
0x0000005f,0x00002a9b,0x00002a98,0x00000308,
0x0004007c,0x0000001b,0x00002f97,0x00002a98,
0x000500c2,0x0000001b,0x00002f99,0x00002f97,
0x000000cf,0x00050082,0x0000001b,0x00002f9a,
0x000000ca,0x00002f99,0x0004007c,0x00000006,
0x00002f9b,0x00002f9a,0x000600a9,0x00000006,
0x000043b5,0x00002a9b,0x000000b1,0x00002f9b,
0x000600a9,0x00000006,0x000043b6,0x00002a9b,
0x000000b1,0x00002f1a,0x00060052,0x0000000c,
0x000038db,0x000043b6,0x0000439d,0x00000000,
0x00050050,0x0000000c,0x00002fab,0x000043b5,
0x000043b5,0x00050085,0x0000000c,0x00002ab1,
0x000038db,0x00002fab,0x00050085,0x00000006,
0x0000439e,0x00002f4c,0x00002f4c,0x00050085,
0x00000006,0x00002ab7,0x00004367,0x0000439e,
0x00050051,0x00000006,0x00002ab9,0x00002ab1,
0x00000000,0x00050085,0x00000006,0x00002abc,
0x00002ab9,0x00002ab9,0x00050051,0x00000006,
0x00002abe,0x00002ab1,0x00000001,0x00050085,
0x00000006,0x00002ac1,0x00002abe,0x00002abe,
0x00050081,0x00000006,0x00002ac2,0x00002abc,
0x00002ac1,0x0006000c,0x00000006,0x00002ac5,
0x00000001,0x00000004,0x00002ab9,0x0006000c,
0x00000006,0x00002ac8,0x00000001,0x00000004,
0x00002abe,0x0007000c,0x00000006,0x00002ac9,
0x00000001,0x00000028,0x00002ac5,0x00002ac8,
0x0004007c,0x0000001b,0x00002fb4,0x00002ac9,
0x00050082,0x0000001b,0x00002fb5,0x000000c1,
0x00002fb4,0x0004007c,0x00000006,0x00002fb6,
0x00002fb5,0x00050085,0x00000006,0x00002acb,
0x00002ac2,0x00002fb6,0x00050083,0x00000006,
0x00002acf,0x00002acb,0x000000b1,0x00050085,
0x00000006,0x00002ad1,0x00002acf,0x00002ab7,
0x00050081,0x00000006,0x00002ad2,0x000000b1,
0x00002ad1,0x00050085,0x00000006,0x00002ad6,
0x0000439e,0x00004369,0x00050081,0x00000006,
0x00002ad7,0x000000b1,0x00002ad6,0x00050050,
0x0000000c,0x00002ad8,0x00002ad2,0x00002ad7,
0x00050085,0x00000006,0x00002adc,0x0000439e,
0x0000436a,0x00050081,0x00000006,0x00002add,
0x00000244,0x00002adc,0x0004007c,0x0000001b,
0x00002fd1,0x00002add,0x00050082,0x0000001b,
0x00002fd2,0x000000c1,0x00002fd1,0x0004007c,
0x00000006,0x00002fd3,0x00002fd2,0x00050051,
0x00000006,0x00002ae1,0x00002c1a,0x00000002,
0x00050051,0x00000006,0x00002ae3,0x00002c21,
0x00000002,0x00050051,0x00000006,0x00002ae5,
0x00002c28,0x00000002,0x00060050,0x00000011,
0x00002ae6,0x00002ae1,0x00002ae3,0x00002ae5,
0x00050051,0x00000006,0x00002ae8,0x00002c2f,
0x00000003,0x00050051,0x00000006,0x00002aea,
0x00002c36,0x00000003,0x00050051,0x00000006,
0x00002aec,0x00002c3d,0x00000003,0x00060050,
0x00000011,0x00002aed,0x00002ae8,0x00002aea,
0x00002aec,0x00050051,0x00000006,0x00002aef,
0x00002c1a,0x00000001,0x00050051,0x00000006,
0x00002af1,0x00002c21,0x00000001,0x00050051,
0x00000006,0x00002af3,0x00002c28,0x00000001,
0x00060050,0x00000011,0x00002af4,0x00002aef,
0x00002af1,0x00002af3,0x0007000c,0x00000011,
0x00002fdc,0x00000001,0x00000025,0x00002aed,
0x00002af4,0x0007000c,0x00000011,0x00002fdd,
0x00000001,0x00000025,0x00002ae6,0x00002fdc,
0x00050051,0x00000006,0x00002af7,0x00002c2f,
0x00000000,0x00050051,0x00000006,0x00002af9,
0x00002c36,0x00000000,0x00050051,0x00000006,
0x00002afb,0x00002c3d,0x00000000,0x00060050,
0x00000011,0x00002afc,0x00002af7,0x00002af9,
0x00002afb,0x0007000c,0x00000011,0x00002afd,
0x00000001,0x00000025,0x00002fdd,0x00002afc,
0x0007000c,0x00000011,0x00002fe3,0x00000001,
0x00000028,0x00002aed,0x00002af4,0x0007000c,
0x00000011,0x00002fe4,0x00000001,0x00000028,
0x00002ae6,0x00002fe3,0x0007000c,0x00000011,
0x00002b1b,0x00000001,0x00000028,0x00002fe4,
0x00002afc,0x00050083,0x0000000c,0x00002b1f,
0x000003af,0x000029f6,0x00050051,0x00000006,
0x00002b21,0x00002c05,0x00000000,0x00050051,
0x00000006,0x00002b23,0x00002c0c,0x00000000,
0x00050051,0x00000006,0x00002b25,0x00002c13,
0x00000000,0x00060050,0x00000011,0x00002b26,
0x00002b21,0x00002b23,0x00002b25,0x00050051,
0x00000006,0x00002ff8,0x00002b1f,0x00000000,
0x00050085,0x00000006,0x00002ffb,0x00002ff8,
0x00002ab9,0x00050051,0x00000006,0x00002ffd,
0x00002b1f,0x00000001,0x00050085,0x00000006,
0x00003000,0x00002ffd,0x00002abe,0x00050081,
0x00000006,0x00003001,0x00002ffb,0x00003000,
0x0004007f,0x00000006,0x00003007,0x00002abe,
0x00050085,0x00000006,0x00003008,0x00002ff8,
0x00003007,0x00050085,0x00000006,0x0000300d,
0x00002ffd,0x00002ab9,0x00050081,0x00000006,
0x0000300e,0x00003008,0x0000300d,0x00050050,
0x0000000c,0x0000439f,0x00003001,0x0000300e,
0x00050085,0x0000000c,0x00003012,0x0000439f,
0x00002ad8,0x00050051,0x00000006,0x00003014,
0x00003012,0x00000000,0x00050085,0x00000006,
0x00003017,0x00003014,0x00003014,0x00050051,
0x00000006,0x00003019,0x00003012,0x00000001,
0x00050085,0x00000006,0x0000301c,0x00003019,
0x00003019,0x00050081,0x00000006,0x0000301d,
0x00003017,0x0000301c,0x0007000c,0x00000006,
0x00003020,0x00000001,0x00000025,0x0000301d,
0x00002fd3,0x00050085,0x00000006,0x00003023,
0x00000136,0x00003020,0x00050081,0x00000006,
0x00003025,0x00003023,0x0000013b,0x00050085,
0x00000006,0x00003028,0x00002add,0x00003020,
0x00050081,0x00000006,0x0000302a,0x00003028,
0x0000013b,0x00050085,0x00000006,0x0000302d,
0x00003025,0x00003025,0x00050085,0x00000006,
0x00003030,0x0000302a,0x0000302a,0x00050085,
0x00000006,0x00003033,0x0000014c,0x0000302d,
0x00050081,0x00000006,0x00003035,0x00003033,
0x00000151,0x00050085,0x00000006,0x00003038,
0x00003035,0x00003030,0x0005008e,0x00000011,
0x0000303b,0x00002b26,0x00003038,0x00050083,
0x0000000c,0x00002b31,0x000003ca,0x000029f6,
0x00050051,0x00000006,0x00002b33,0x00002c05,
0x00000001,0x00050051,0x00000006,0x00002b35,
0x00002c0c,0x00000001,0x00050051,0x00000006,
0x00002b37,0x00002c13,0x00000001,0x00060050,
0x00000011,0x00002b38,0x00002b33,0x00002b35,
0x00002b37,0x00050051,0x00000006,0x0000305c,
0x00002b31,0x00000000,0x00050085,0x00000006,
0x0000305f,0x0000305c,0x00002ab9,0x00050051,
0x00000006,0x00003061,0x00002b31,0x00000001,
0x00050085,0x00000006,0x00003064,0x00003061,
0x00002abe,0x00050081,0x00000006,0x00003065,
0x0000305f,0x00003064,0x00050085,0x00000006,
0x0000306c,0x0000305c,0x00003007,0x00050085,
0x00000006,0x00003071,0x00003061,0x00002ab9,
0x00050081,0x00000006,0x00003072,0x0000306c,
0x00003071,0x00050050,0x0000000c,0x000043a0,
0x00003065,0x00003072,0x00050085,0x0000000c,
0x00003076,0x000043a0,0x00002ad8,0x00050051,
0x00000006,0x00003078,0x00003076,0x00000000,
0x00050085,0x00000006,0x0000307b,0x00003078,
0x00003078,0x00050051,0x00000006,0x0000307d,
0x00003076,0x00000001,0x00050085,0x00000006,
0x00003080,0x0000307d,0x0000307d,0x00050081,
0x00000006,0x00003081,0x0000307b,0x00003080,
0x0007000c,0x00000006,0x00003084,0x00000001,
0x00000025,0x00003081,0x00002fd3,0x00050085,
0x00000006,0x00003087,0x00000136,0x00003084,
0x00050081,0x00000006,0x00003089,0x00003087,
0x0000013b,0x00050085,0x00000006,0x0000308c,
0x00002add,0x00003084,0x00050081,0x00000006,
0x0000308e,0x0000308c,0x0000013b,0x00050085,
0x00000006,0x00003091,0x00003089,0x00003089,
0x00050085,0x00000006,0x00003094,0x0000308e,
0x0000308e,0x00050085,0x00000006,0x00003097,
0x0000014c,0x00003091,0x00050081,0x00000006,
0x00003099,0x00003097,0x00000151,0x00050085,
0x00000006,0x0000309c,0x00003099,0x00003094,
0x0005008e,0x00000011,0x0000309f,0x00002b38,
0x0000309c,0x00050081,0x00000011,0x000030a1,
0x0000303b,0x0000309f,0x00050081,0x00000006,
0x000030a4,0x00003038,0x0000309c,0x00050083,
0x0000000c,0x00002b43,0x000003e5,0x000029f6,
0x00050051,0x00000006,0x00002b45,0x00002c1a,
0x00000000,0x00050051,0x00000006,0x00002b47,
0x00002c21,0x00000000,0x00050051,0x00000006,
0x00002b49,0x00002c28,0x00000000,0x00060050,
0x00000011,0x00002b4a,0x00002b45,0x00002b47,
0x00002b49,0x00050051,0x00000006,0x000030c0,
0x00002b43,0x00000000,0x00050085,0x00000006,
0x000030c3,0x000030c0,0x00002ab9,0x00050051,
0x00000006,0x000030c5,0x00002b43,0x00000001,
0x00050085,0x00000006,0x000030c8,0x000030c5,
0x00002abe,0x00050081,0x00000006,0x000030c9,
0x000030c3,0x000030c8,0x00050085,0x00000006,
0x000030d0,0x000030c0,0x00003007,0x00050085,
0x00000006,0x000030d5,0x000030c5,0x00002ab9,
0x00050081,0x00000006,0x000030d6,0x000030d0,
0x000030d5,0x00050050,0x0000000c,0x000043a1,
0x000030c9,0x000030d6,0x00050085,0x0000000c,
0x000030da,0x000043a1,0x00002ad8,0x00050051,
0x00000006,0x000030dc,0x000030da,0x00000000,
0x00050085,0x00000006,0x000030df,0x000030dc,
0x000030dc,0x00050051,0x00000006,0x000030e1,
0x000030da,0x00000001,0x00050085,0x00000006,
0x000030e4,0x000030e1,0x000030e1,0x00050081,
0x00000006,0x000030e5,0x000030df,0x000030e4,
0x0007000c,0x00000006,0x000030e8,0x00000001,
0x00000025,0x000030e5,0x00002fd3,0x00050085,
0x00000006,0x000030eb,0x00000136,0x000030e8,
0x00050081,0x00000006,0x000030ed,0x000030eb,
0x0000013b,0x00050085,0x00000006,0x000030f0,
0x00002add,0x000030e8,0x00050081,0x00000006,
0x000030f2,0x000030f0,0x0000013b,0x00050085,
0x00000006,0x000030f5,0x000030ed,0x000030ed,
0x00050085,0x00000006,0x000030f8,0x000030f2,
0x000030f2,0x00050085,0x00000006,0x000030fb,
0x0000014c,0x000030f5,0x00050081,0x00000006,
0x000030fd,0x000030fb,0x00000151,0x00050085,
0x00000006,0x00003100,0x000030fd,0x000030f8,
0x0005008e,0x00000011,0x00003103,0x00002b4a,
0x00003100,0x00050081,0x00000011,0x00003105,
0x000030a1,0x00003103,0x00050081,0x00000006,
0x00003108,0x000030a4,0x00003100,0x00050083,
0x0000000c,0x00002b55,0x00000400,0x000029f6,
0x00050051,0x00000006,0x00003124,0x00002b55,
0x00000000,0x00050085,0x00000006,0x00003127,
0x00003124,0x00002ab9,0x00050051,0x00000006,
0x00003129,0x00002b55,0x00000001,0x00050085,
0x00000006,0x0000312c,0x00003129,0x00002abe,
0x00050081,0x00000006,0x0000312d,0x00003127,
0x0000312c,0x00050085,0x00000006,0x00003134,
0x00003124,0x00003007,0x00050085,0x00000006,
0x00003139,0x00003129,0x00002ab9,0x00050081,
0x00000006,0x0000313a,0x00003134,0x00003139,
0x00050050,0x0000000c,0x000043a2,0x0000312d,
0x0000313a,0x00050085,0x0000000c,0x0000313e,
0x000043a2,0x00002ad8,0x00050051,0x00000006,
0x00003140,0x0000313e,0x00000000,0x00050085,
0x00000006,0x00003143,0x00003140,0x00003140,
0x00050051,0x00000006,0x00003145,0x0000313e,
0x00000001,0x00050085,0x00000006,0x00003148,
0x00003145,0x00003145,0x00050081,0x00000006,
0x00003149,0x00003143,0x00003148,0x0007000c,
0x00000006,0x0000314c,0x00000001,0x00000025,
0x00003149,0x00002fd3,0x00050085,0x00000006,
0x0000314f,0x00000136,0x0000314c,0x00050081,
0x00000006,0x00003151,0x0000314f,0x0000013b,
0x00050085,0x00000006,0x00003154,0x00002add,
0x0000314c,0x00050081,0x00000006,0x00003156,
0x00003154,0x0000013b,0x00050085,0x00000006,
0x00003159,0x00003151,0x00003151,0x00050085,
0x00000006,0x0000315c,0x00003156,0x00003156,
0x00050085,0x00000006,0x0000315f,0x0000014c,
0x00003159,0x00050081,0x00000006,0x00003161,
0x0000315f,0x00000151,0x00050085,0x00000006,
0x00003164,0x00003161,0x0000315c,0x0005008e,
0x00000011,0x00003167,0x00002af4,0x00003164,
0x00050081,0x00000011,0x00003169,0x00003105,
0x00003167,0x00050081,0x00000006,0x0000316c,
0x00003108,0x00003164,0x0004007f,0x0000000c,
0x00002b67,0x000029f6,0x00050051,0x00000006,
0x00003188,0x00002b67,0x00000000,0x00050085,
0x00000006,0x0000318b,0x00003188,0x00002ab9,
0x00050051,0x00000006,0x0000318d,0x00002b67,
0x00000001,0x00050085,0x00000006,0x00003190,
0x0000318d,0x00002abe,0x00050081,0x00000006,
0x00003191,0x0000318b,0x00003190,0x00050085,
0x00000006,0x00003198,0x00003188,0x00003007,
0x00050085,0x00000006,0x0000319d,0x0000318d,
0x00002ab9,0x00050081,0x00000006,0x0000319e,
0x00003198,0x0000319d,0x00050050,0x0000000c,
0x000043a3,0x00003191,0x0000319e,0x00050085,
0x0000000c,0x000031a2,0x000043a3,0x00002ad8,
0x00050051,0x00000006,0x000031a4,0x000031a2,
0x00000000,0x00050085,0x00000006,0x000031a7,
0x000031a4,0x000031a4,0x00050051,0x00000006,
0x000031a9,0x000031a2,0x00000001,0x00050085,
0x00000006,0x000031ac,0x000031a9,0x000031a9,
0x00050081,0x00000006,0x000031ad,0x000031a7,
0x000031ac,0x0007000c,0x00000006,0x000031b0,
0x00000001,0x00000025,0x000031ad,0x00002fd3,
0x00050085,0x00000006,0x000031b3,0x00000136,
0x000031b0,0x00050081,0x00000006,0x000031b5,
0x000031b3,0x0000013b,0x00050085,0x00000006,
0x000031b8,0x00002add,0x000031b0,0x00050081,
0x00000006,0x000031ba,0x000031b8,0x0000013b,
0x00050085,0x00000006,0x000031bd,0x000031b5,
0x000031b5,0x00050085,0x00000006,0x000031c0,
0x000031ba,0x000031ba,0x00050085,0x00000006,
0x000031c3,0x0000014c,0x000031bd,0x00050081,
0x00000006,0x000031c5,0x000031c3,0x00000151,
0x00050085,0x00000006,0x000031c8,0x000031c5,
0x000031c0,0x0005008e,0x00000011,0x000031cb,
0x00002ae6,0x000031c8,0x00050081,0x00000011,
0x000031cd,0x00003169,0x000031cb,0x00050081,
0x00000006,0x000031d0,0x0000316c,0x000031c8,
0x00050083,0x0000000c,0x00002b79,0x00000436,
0x000029f6,0x00050051,0x00000006,0x00002b7b,
0x00002c1a,0x00000003,0x00050051,0x00000006,
0x00002b7d,0x00002c21,0x00000003,0x00050051,
0x00000006,0x00002b7f,0x00002c28,0x00000003,
0x00060050,0x00000011,0x00002b80,0x00002b7b,
0x00002b7d,0x00002b7f,0x00050051,0x00000006,
0x000031ec,0x00002b79,0x00000000,0x00050085,
0x00000006,0x000031ef,0x000031ec,0x00002ab9,
0x00050051,0x00000006,0x000031f1,0x00002b79,
0x00000001,0x00050085,0x00000006,0x000031f4,
0x000031f1,0x00002abe,0x00050081,0x00000006,
0x000031f5,0x000031ef,0x000031f4,0x00050085,
0x00000006,0x000031fc,0x000031ec,0x00003007,
0x00050085,0x00000006,0x00003201,0x000031f1,
0x00002ab9,0x00050081,0x00000006,0x00003202,
0x000031fc,0x00003201,0x00050050,0x0000000c,
0x000043a4,0x000031f5,0x00003202,0x00050085,
0x0000000c,0x00003206,0x000043a4,0x00002ad8,
0x00050051,0x00000006,0x00003208,0x00003206,
0x00000000,0x00050085,0x00000006,0x0000320b,
0x00003208,0x00003208,0x00050051,0x00000006,
0x0000320d,0x00003206,0x00000001,0x00050085,
0x00000006,0x00003210,0x0000320d,0x0000320d,
0x00050081,0x00000006,0x00003211,0x0000320b,
0x00003210,0x0007000c,0x00000006,0x00003214,
0x00000001,0x00000025,0x00003211,0x00002fd3,
0x00050085,0x00000006,0x00003217,0x00000136,
0x00003214,0x00050081,0x00000006,0x00003219,
0x00003217,0x0000013b,0x00050085,0x00000006,
0x0000321c,0x00002add,0x00003214,0x00050081,
0x00000006,0x0000321e,0x0000321c,0x0000013b,
0x00050085,0x00000006,0x00003221,0x00003219,
0x00003219,0x00050085,0x00000006,0x00003224,
0x0000321e,0x0000321e,0x00050085,0x00000006,
0x00003227,0x0000014c,0x00003221,0x00050081,
0x00000006,0x00003229,0x00003227,0x00000151,
0x00050085,0x00000006,0x0000322c,0x00003229,
0x00003224,0x0005008e,0x00000011,0x0000322f,
0x00002b80,0x0000322c,0x00050081,0x00000011,
0x00003231,0x000031cd,0x0000322f,0x00050081,
0x00000006,0x00003234,0x000031d0,0x0000322c,
0x00050083,0x0000000c,0x00002b8b,0x00000451,
0x000029f6,0x00050051,0x00000006,0x00003250,
0x00002b8b,0x00000000,0x00050085,0x00000006,
0x00003253,0x00003250,0x00002ab9,0x00050051,
0x00000006,0x00003255,0x00002b8b,0x00000001,
0x00050085,0x00000006,0x00003258,0x00003255,
0x00002abe,0x00050081,0x00000006,0x00003259,
0x00003253,0x00003258,0x00050085,0x00000006,
0x00003260,0x00003250,0x00003007,0x00050085,
0x00000006,0x00003265,0x00003255,0x00002ab9,
0x00050081,0x00000006,0x00003266,0x00003260,
0x00003265,0x00050050,0x0000000c,0x000043a5,
0x00003259,0x00003266,0x00050085,0x0000000c,
0x0000326a,0x000043a5,0x00002ad8,0x00050051,
0x00000006,0x0000326c,0x0000326a,0x00000000,
0x00050085,0x00000006,0x0000326f,0x0000326c,
0x0000326c,0x00050051,0x00000006,0x00003271,
0x0000326a,0x00000001,0x00050085,0x00000006,
0x00003274,0x00003271,0x00003271,0x00050081,
0x00000006,0x00003275,0x0000326f,0x00003274,
0x0007000c,0x00000006,0x00003278,0x00000001,
0x00000025,0x00003275,0x00002fd3,0x00050085,
0x00000006,0x0000327b,0x00000136,0x00003278,
0x00050081,0x00000006,0x0000327d,0x0000327b,
0x0000013b,0x00050085,0x00000006,0x00003280,
0x00002add,0x00003278,0x00050081,0x00000006,
0x00003282,0x00003280,0x0000013b,0x00050085,
0x00000006,0x00003285,0x0000327d,0x0000327d,
0x00050085,0x00000006,0x00003288,0x00003282,
0x00003282,0x00050085,0x00000006,0x0000328b,
0x0000014c,0x00003285,0x00050081,0x00000006,
0x0000328d,0x0000328b,0x00000151,0x00050085,
0x00000006,0x00003290,0x0000328d,0x00003288,
0x0005008e,0x00000011,0x00003293,0x00002afc,
0x00003290,0x00050081,0x00000011,0x00003295,
0x00003231,0x00003293,0x00050081,0x00000006,
0x00003298,0x00003234,0x00003290,0x00050083,
0x0000000c,0x00002b9d,0x0000046d,0x000029f6,
0x00050051,0x00000006,0x00002b9f,0x00002c2f,
0x00000001,0x00050051,0x00000006,0x00002ba1,
0x00002c36,0x00000001,0x00050051,0x00000006,
0x00002ba3,0x00002c3d,0x00000001,0x00060050,
0x00000011,0x00002ba4,0x00002b9f,0x00002ba1,
0x00002ba3,0x00050051,0x00000006,0x000032b4,
0x00002b9d,0x00000000,0x00050085,0x00000006,
0x000032b7,0x000032b4,0x00002ab9,0x00050051,
0x00000006,0x000032b9,0x00002b9d,0x00000001,
0x00050085,0x00000006,0x000032bc,0x000032b9,
0x00002abe,0x00050081,0x00000006,0x000032bd,
0x000032b7,0x000032bc,0x00050085,0x00000006,
0x000032c4,0x000032b4,0x00003007,0x00050085,
0x00000006,0x000032c9,0x000032b9,0x00002ab9,
0x00050081,0x00000006,0x000032ca,0x000032c4,
0x000032c9,0x00050050,0x0000000c,0x000043a6,
0x000032bd,0x000032ca,0x00050085,0x0000000c,
0x000032ce,0x000043a6,0x00002ad8,0x00050051,
0x00000006,0x000032d0,0x000032ce,0x00000000,
0x00050085,0x00000006,0x000032d3,0x000032d0,
0x000032d0,0x00050051,0x00000006,0x000032d5,
0x000032ce,0x00000001,0x00050085,0x00000006,
0x000032d8,0x000032d5,0x000032d5,0x00050081,
0x00000006,0x000032d9,0x000032d3,0x000032d8,
0x0007000c,0x00000006,0x000032dc,0x00000001,
0x00000025,0x000032d9,0x00002fd3,0x00050085,
0x00000006,0x000032df,0x00000136,0x000032dc,
0x00050081,0x00000006,0x000032e1,0x000032df,
0x0000013b,0x00050085,0x00000006,0x000032e4,
0x00002add,0x000032dc,0x00050081,0x00000006,
0x000032e6,0x000032e4,0x0000013b,0x00050085,
0x00000006,0x000032e9,0x000032e1,0x000032e1,
0x00050085,0x00000006,0x000032ec,0x000032e6,
0x000032e6,0x00050085,0x00000006,0x000032ef,
0x0000014c,0x000032e9,0x00050081,0x00000006,
0x000032f1,0x000032ef,0x00000151,0x00050085,
0x00000006,0x000032f4,0x000032f1,0x000032ec,
0x0005008e,0x00000011,0x000032f7,0x00002ba4,
0x000032f4,0x00050081,0x00000011,0x000032f9,
0x00003295,0x000032f7,0x00050081,0x00000006,
0x000032fc,0x00003298,0x000032f4,0x00050083,
0x0000000c,0x00002baf,0x00000488,0x000029f6,
0x00050051,0x00000006,0x00002bb1,0x00002c2f,
0x00000002,0x00050051,0x00000006,0x00002bb3,
0x00002c36,0x00000002,0x00050051,0x00000006,
0x00002bb5,0x00002c3d,0x00000002,0x00060050,
0x00000011,0x00002bb6,0x00002bb1,0x00002bb3,
0x00002bb5,0x00050051,0x00000006,0x00003318,
0x00002baf,0x00000000,0x00050085,0x00000006,
0x0000331b,0x00003318,0x00002ab9,0x00050051,
0x00000006,0x0000331d,0x00002baf,0x00000001,
0x00050085,0x00000006,0x00003320,0x0000331d,
0x00002abe,0x00050081,0x00000006,0x00003321,
0x0000331b,0x00003320,0x00050085,0x00000006,
0x00003328,0x00003318,0x00003007,0x00050085,
0x00000006,0x0000332d,0x0000331d,0x00002ab9,
0x00050081,0x00000006,0x0000332e,0x00003328,
0x0000332d,0x00050050,0x0000000c,0x000043a7,
0x00003321,0x0000332e,0x00050085,0x0000000c,
0x00003332,0x000043a7,0x00002ad8,0x00050051,
0x00000006,0x00003334,0x00003332,0x00000000,
0x00050085,0x00000006,0x00003337,0x00003334,
0x00003334,0x00050051,0x00000006,0x00003339,
0x00003332,0x00000001,0x00050085,0x00000006,
0x0000333c,0x00003339,0x00003339,0x00050081,
0x00000006,0x0000333d,0x00003337,0x0000333c,
0x0007000c,0x00000006,0x00003340,0x00000001,
0x00000025,0x0000333d,0x00002fd3,0x00050085,
0x00000006,0x00003343,0x00000136,0x00003340,
0x00050081,0x00000006,0x00003345,0x00003343,
0x0000013b,0x00050085,0x00000006,0x00003348,
0x00002add,0x00003340,0x00050081,0x00000006,
0x0000334a,0x00003348,0x0000013b,0x00050085,
0x00000006,0x0000334d,0x00003345,0x00003345,
0x00050085,0x00000006,0x00003350,0x0000334a,
0x0000334a,0x00050085,0x00000006,0x00003353,
0x0000014c,0x0000334d,0x00050081,0x00000006,
0x00003355,0x00003353,0x00000151,0x00050085,
0x00000006,0x00003358,0x00003355,0x00003350,
0x0005008e,0x00000011,0x0000335b,0x00002bb6,
0x00003358,0x00050081,0x00000011,0x0000335d,
0x000032f9,0x0000335b,0x00050081,0x00000006,
0x00003360,0x000032fc,0x00003358,0x00050083,
0x0000000c,0x00002bc1,0x000004a3,0x000029f6,
0x00050051,0x00000006,0x0000337c,0x00002bc1,
0x00000000,0x00050085,0x00000006,0x0000337f,
0x0000337c,0x00002ab9,0x00050051,0x00000006,
0x00003381,0x00002bc1,0x00000001,0x00050085,
0x00000006,0x00003384,0x00003381,0x00002abe,
0x00050081,0x00000006,0x00003385,0x0000337f,
0x00003384,0x00050085,0x00000006,0x0000338c,
0x0000337c,0x00003007,0x00050085,0x00000006,
0x00003391,0x00003381,0x00002ab9,0x00050081,
0x00000006,0x00003392,0x0000338c,0x00003391,
0x00050050,0x0000000c,0x000043a8,0x00003385,
0x00003392,0x00050085,0x0000000c,0x00003396,
0x000043a8,0x00002ad8,0x00050051,0x00000006,
0x00003398,0x00003396,0x00000000,0x00050085,
0x00000006,0x0000339b,0x00003398,0x00003398,
0x00050051,0x00000006,0x0000339d,0x00003396,
0x00000001,0x00050085,0x00000006,0x000033a0,
0x0000339d,0x0000339d,0x00050081,0x00000006,
0x000033a1,0x0000339b,0x000033a0,0x0007000c,
0x00000006,0x000033a4,0x00000001,0x00000025,
0x000033a1,0x00002fd3,0x00050085,0x00000006,
0x000033a7,0x00000136,0x000033a4,0x00050081,
0x00000006,0x000033a9,0x000033a7,0x0000013b,
0x00050085,0x00000006,0x000033ac,0x00002add,
0x000033a4,0x00050081,0x00000006,0x000033ae,
0x000033ac,0x0000013b,0x00050085,0x00000006,
0x000033b1,0x000033a9,0x000033a9,0x00050085,
0x00000006,0x000033b4,0x000033ae,0x000033ae,
0x00050085,0x00000006,0x000033b7,0x0000014c,
0x000033b1,0x00050081,0x00000006,0x000033b9,
0x000033b7,0x00000151,0x00050085,0x00000006,
0x000033bc,0x000033b9,0x000033b4,0x0005008e,
0x00000011,0x000033bf,0x00002aed,0x000033bc,
0x00050081,0x00000011,0x000033c1,0x0000335d,
0x000033bf,0x00050081,0x00000006,0x000033c4,
0x00003360,0x000033bc,0x00050083,0x0000000c,
0x00002bd3,0x000004be,0x000029f6,0x00050051,
0x00000006,0x00002bd5,0x00002c44,0x00000002,
0x00050051,0x00000006,0x00002bd7,0x00002c4b,
0x00000002,0x00050051,0x00000006,0x00002bd9,
0x00002c52,0x00000002,0x00060050,0x00000011,
0x00002bda,0x00002bd5,0x00002bd7,0x00002bd9,
0x00050051,0x00000006,0x000033e0,0x00002bd3,
0x00000000,0x00050085,0x00000006,0x000033e3,
0x000033e0,0x00002ab9,0x00050051,0x00000006,
0x000033e5,0x00002bd3,0x00000001,0x00050085,
0x00000006,0x000033e8,0x000033e5,0x00002abe,
0x00050081,0x00000006,0x000033e9,0x000033e3,
0x000033e8,0x00050085,0x00000006,0x000033f0,
0x000033e0,0x00003007,0x00050085,0x00000006,
0x000033f5,0x000033e5,0x00002ab9,0x00050081,
0x00000006,0x000033f6,0x000033f0,0x000033f5,
0x00050050,0x0000000c,0x000043a9,0x000033e9,
0x000033f6,0x00050085,0x0000000c,0x000033fa,
0x000043a9,0x00002ad8,0x00050051,0x00000006,
0x000033fc,0x000033fa,0x00000000,0x00050085,
0x00000006,0x000033ff,0x000033fc,0x000033fc,
0x00050051,0x00000006,0x00003401,0x000033fa,
0x00000001,0x00050085,0x00000006,0x00003404,
0x00003401,0x00003401,0x00050081,0x00000006,
0x00003405,0x000033ff,0x00003404,0x0007000c,
0x00000006,0x00003408,0x00000001,0x00000025,
0x00003405,0x00002fd3,0x00050085,0x00000006,
0x0000340b,0x00000136,0x00003408,0x00050081,
0x00000006,0x0000340d,0x0000340b,0x0000013b,
0x00050085,0x00000006,0x00003410,0x00002add,
0x00003408,0x00050081,0x00000006,0x00003412,
0x00003410,0x0000013b,0x00050085,0x00000006,
0x00003415,0x0000340d,0x0000340d,0x00050085,
0x00000006,0x00003418,0x00003412,0x00003412,
0x00050085,0x00000006,0x0000341b,0x0000014c,
0x00003415,0x00050081,0x00000006,0x0000341d,
0x0000341b,0x00000151,0x00050085,0x00000006,
0x00003420,0x0000341d,0x00003418,0x0005008e,
0x00000011,0x00003423,0x00002bda,0x00003420,
0x00050081,0x00000011,0x00003425,0x000033c1,
0x00003423,0x00050081,0x00000006,0x00003428,
0x000033c4,0x00003420,0x00050083,0x0000000c,
0x00002be5,0x000004d9,0x000029f6,0x00050051,
0x00000006,0x00002be7,0x00002c44,0x00000003,
0x00050051,0x00000006,0x00002be9,0x00002c4b,
0x00000003,0x00050051,0x00000006,0x00002beb,
0x00002c52,0x00000003,0x00060050,0x00000011,
0x00002bec,0x00002be7,0x00002be9,0x00002beb,
0x00050051,0x00000006,0x00003444,0x00002be5,
0x00000000,0x00050085,0x00000006,0x00003447,
0x00003444,0x00002ab9,0x00050051,0x00000006,
0x00003449,0x00002be5,0x00000001,0x00050085,
0x00000006,0x0000344c,0x00003449,0x00002abe,
0x00050081,0x00000006,0x0000344d,0x00003447,
0x0000344c,0x00050085,0x00000006,0x00003454,
0x00003444,0x00003007,0x00050085,0x00000006,
0x00003459,0x00003449,0x00002ab9,0x00050081,
0x00000006,0x0000345a,0x00003454,0x00003459,
0x00050050,0x0000000c,0x000043aa,0x0000344d,
0x0000345a,0x00050085,0x0000000c,0x0000345e,
0x000043aa,0x00002ad8,0x00050051,0x00000006,
0x00003460,0x0000345e,0x00000000,0x00050085,
0x00000006,0x00003463,0x00003460,0x00003460,
0x00050051,0x00000006,0x00003465,0x0000345e,
0x00000001,0x00050085,0x00000006,0x00003468,
0x00003465,0x00003465,0x00050081,0x00000006,
0x00003469,0x00003463,0x00003468,0x0007000c,
0x00000006,0x0000346c,0x00000001,0x00000025,
0x00003469,0x00002fd3,0x00050085,0x00000006,
0x0000346f,0x00000136,0x0000346c,0x00050081,
0x00000006,0x00003471,0x0000346f,0x0000013b,
0x00050085,0x00000006,0x00003474,0x00002add,
0x0000346c,0x00050081,0x00000006,0x00003476,
0x00003474,0x0000013b,0x00050085,0x00000006,
0x00003479,0x00003471,0x00003471,0x00050085,
0x00000006,0x0000347c,0x00003476,0x00003476,
0x00050085,0x00000006,0x0000347f,0x0000014c,
0x00003479,0x00050081,0x00000006,0x00003481,
0x0000347f,0x00000151,0x00050085,0x00000006,
0x00003484,0x00003481,0x0000347c,0x0005008e,
0x00000011,0x00003487,0x00002bec,0x00003484,
0x00050081,0x00000011,0x00003489,0x00003425,
0x00003487,0x00050081,0x00000006,0x0000348c,
0x00003428,0x00003484,0x00050088,0x00000006,
0x000034a1,0x000000b1,0x0000348c,0x00060050,
0x00000011,0x000034a8,0x000034a1,0x000034a1,
0x000034a1,0x00050085,0x00000011,0x00002bfc,
0x00003489,0x000034a8,0x0007000c,0x00000011,
0x00002bfd,0x00000001,0x00000028,0x00002afd,
0x00002bfc,0x0007000c,0x00000011,0x00002bfe,
0x00000001,0x00000025,0x00002b1b,0x00002bfd,
0x0004003d,0x00000516,0x000028f0,0x00000518,
0x0004007c,0x0000051b,0x000028f2,0x00003892,
0x00050051,0x00000006,0x000028f4,0x00002bfe,
0x00000000,0x00050051,0x00000006,0x000028f5,
0x00002bfe,0x00000001,0x00050051,0x00000006,
0x000028f6,0x00002bfe,0x00000002,0x00070050,
0x00000016,0x000028f7,0x000028f4,0x000028f5,
0x000028f6,0x000000b1,0x00040063,0x000028f0,
0x000028f2,0x000028f7,0x000100fd,0x00010038
};
