// Generated by tools/build_shaders.sh from fsr_easu_h.comp - do not edit.
#pragma once
#include <cstdint>
inline constexpr std::uint32_t k_fsr_easu_h_spv[] = {
0x07230203,0x00010500,0x000d000b,0x00002882,
0x00000000,0x00020011,0x00000001,0x00020011,
0x00000009,0x00020011,0x00000016,0x0006000b,
0x00000001,0x4c534c47,0x6474732e,0x3035342e,
0x00000000,0x0003000e,0x00000000,0x00000001,
0x000b000f,0x00000005,0x00000004,0x6e69616d,
0x00000000,0x000000e7,0x000000eb,0x000004e0,
0x000004f6,0x00000506,0x0000050c,0x00060010,
0x00000004,0x00000011,0x00000040,0x00000001,
0x00000001,0x00040047,0x000000e7,0x00000021,
0x00000000,0x00040047,0x000000e7,0x00000022,
0x00000000,0x00040047,0x000000eb,0x00000021,
0x00000001,0x00040047,0x000000eb,0x00000022,
0x00000000,0x00030047,0x000004de,0x00000002,
0x00050048,0x000004de,0x00000000,0x00000023,
0x00000000,0x00050048,0x000004de,0x00000001,
0x00000023,0x00000010,0x00050048,0x000004de,
0x00000002,0x00000023,0x00000020,0x00050048,
0x000004de,0x00000003,0x00000023,0x00000030,
0x00030047,0x000004f6,0x00000019,0x00040047,
0x000004f6,0x00000021,0x00000002,0x00040047,
0x000004f6,0x00000022,0x00000000,0x00040047,
0x00000506,0x0000000b,0x0000001b,0x00040047,
0x0000050c,0x0000000b,0x0000001a,0x00040047,
0x00000530,0x0000000b,0x00000019,0x00020013,
0x00000002,0x00030021,0x00000003,0x00000002,
0x00040015,0x00000006,0x00000020,0x00000000,
0x00030016,0x00000013,0x00000010,0x00040017,
0x00000019,0x00000013,0x00000002,0x00040017,
0x0000001e,0x00000013,0x00000003,0x00040017,
0x00000023,0x00000013,0x00000004,0x00040015,
0x00000028,0x00000010,0x00000000,0x00040017,
0x0000003f,0x00000006,0x00000002,0x00030016,
0x00000044,0x00000020,0x00040017,0x00000045,
0x00000044,0x00000002,0x00020014,0x00000061,
0x00040017,0x00000073,0x00000006,0x00000004,
0x00040015,0x00000084,0x00000020,0x00000001,
0x0004002b,0x00000084,0x0000008d,0x00000000,
0x0004002b,0x00000013,0x000000a5,0x00003c00,
0x0004002b,0x00000013,0x000000b3,0x00000000,
0x0004002b,0x00000028,0x000000bb,0x00007784,
0x0004002b,0x00000028,0x000000c4,0x000059a3,
0x0004002b,0x00000028,0x000000c9,0x00000001,
0x0004002b,0x00000006,0x000000d1,0x00000001,
0x00090019,0x000000e5,0x00000044,0x00000001,
0x00000000,0x00000000,0x00000000,0x00000001,
0x00000000,0x00040020,0x000000e6,0x00000000,
0x000000e5,0x0004003b,0x000000e6,0x000000e7,
0x00000000,0x0002001a,0x000000e9,0x00040020,
0x000000ea,0x00000000,0x000000e9,0x0004003b,
0x000000ea,0x000000eb,0x00000000,0x0003001b,
0x000000ed,0x000000e5,0x00040017,0x000000f0,
0x00000044,0x00000004,0x0004002b,0x00000084,
0x000000f9,0x00000001,0x0004002b,0x00000084,
0x00000102,0x00000002,0x0004002b,0x00000006,
0x0000011c,0x00000000,0x0004002b,0x00000013,
0x00000133,0x00003666,0x0004002b,0x00000013,
0x00000138,0x0000bc00,0x0004002b,0x00000013,
0x0000014b,0x00003e40,0x0004002b,0x00000013,
0x00000150,0x0000b880,0x0005002c,0x00000019,
0x00000170,0x000000a5,0x000000b3,0x0004002b,
0x00000013,0x00000242,0x00003800,0x0004002b,
0x00000013,0x00000303,0x00000200,0x0004002b,
0x00000013,0x0000034c,0x0000b800,0x0004002b,
0x00000013,0x00000356,0x0000b4a3,0x0005002c,
0x00000019,0x000003c0,0x000000b3,0x000000a5,
0x0005002c,0x00000019,0x000003c4,0x00000138,
0x00000138,0x0005002c,0x00000019,0x000003e8,
0x00000138,0x000000b3,0x0005002c,0x00000019,
0x000003ec,0x000000a5,0x000000a5,0x0005002c,
0x00000019,0x00000410,0x000000b3,0x00000138,
0x0005002c,0x00000019,0x00000414,0x000000b3,
0x000000b3,0x0004002b,0x00000013,0x00000438,
0x00004000,0x0005002c,0x00000019,0x00000439,
0x000000a5,0x00000438,0x0005002c,0x00000019,
0x00000460,0x00000438,0x000000a5,0x0005002c,
0x00000019,0x0000048a,0x00000438,0x00000438,
0x0006001e,0x000004de,0x00000073,0x00000073,
0x00000073,0x00000073,0x00040020,0x000004df,
0x00000009,0x000004de,0x0004003b,0x000004df,
0x000004e0,0x00000009,0x0004002b,0x00000084,
0x000004e1,0x00000003,0x00040020,0x000004e6,
0x00000009,0x00000073,0x00090019,0x000004f4,
0x00000044,0x00000001,0x00000000,0x00000000,
0x00000000,0x00000002,0x00000004,0x00040020,
0x000004f5,0x00000000,0x000004f4,0x0004003b,
0x000004f5,0x000004f6,0x00000000,0x00040017,
0x000004f9,0x00000084,0x00000002,0x00040017,
0x000004fc,0x00000044,0x00000003,0x0004002b,
0x00000044,0x000004fe,0x3f800000,0x00040017,
0x00000504,0x00000006,0x00000003,0x00040020,
0x00000505,0x00000001,0x00000504,0x0004003b,
0x00000505,0x00000506,0x00000001,0x00040020,
0x00000508,0x00000001,0x00000006,0x0004003b,
0x00000505,0x0000050c,0x00000001,0x0004002b,
0x00000006,0x0000050f,0x00000004,0x0004002b,
0x00000006,0x00000519,0x00000008,0x0004002b,
0x00000006,0x0000052f,0x00000040,0x0006002c,
0x00000504,0x00000530,0x0000052f,0x000000d1,
0x000000d1,0x0007002c,0x00000023,0x00002871,
0x00000242,0x00000242,0x00000242,0x00000242,
0x0005002c,0x00000019,0x00002872,0x00000133,
0x00000133,0x0005002c,0x00000019,0x00002873,
0x0000014b,0x0000014b,0x0005002c,0x00000019,
0x00002874,0x00000150,0x00000150,0x00050036,
0x00000002,0x00000004,0x00000000,0x00000003,
0x000200f8,0x00000005,0x00050041,0x00000508,
0x00000509,0x00000506,0x0000011c,0x0004003d,
0x00000006,0x0000050a,0x00000509,0x000600cb,
0x00000006,0x0000054a,0x0000050a,0x000000f9,
0x000004e1,0x000600cb,0x00000006,0x00000552,
0x0000050a,0x000004e1,0x000004e1,0x000700c9,
0x00000006,0x00000559,0x00000552,0x0000050a,
0x0000008d,0x000000f9,0x00050050,0x0000003f,
0x00000542,0x0000054a,0x00000559,0x00050041,
0x00000508,0x0000050d,0x0000050c,0x0000011c,
0x0004003d,0x00000006,0x0000050e,0x0000050d,
0x000500c4,0x00000006,0x00000510,0x0000050e,
0x0000050f,0x00050041,0x00000508,0x00000511,
0x0000050c,0x000000d1,0x0004003d,0x00000006,
0x00000512,0x00000511,0x000500c4,0x00000006,
0x00000513,0x00000512,0x0000050f,0x00050050,
0x0000003f,0x00000514,0x00000510,0x00000513,
0x00050080,0x0000003f,0x00000515,0x00000542,
0x00000514,0x00050041,0x000004e6,0x00000563,
0x000004e0,0x0000008d,0x0004003d,0x00000073,
0x00000564,0x00000563,0x00050041,0x000004e6,
0x00000565,0x000004e0,0x000000f9,0x0004003d,
0x00000073,0x00000566,0x00000565,0x00050041,
0x000004e6,0x00000567,0x000004e0,0x00000102,
0x0004003d,0x00000073,0x00000568,0x00000567,
0x00050041,0x000004e6,0x00000569,0x000004e0,
0x000004e1,0x0004003d,0x00000073,0x0000056a,
0x00000569,0x00040070,0x00000045,0x00000641,
0x00000515,0x0007004f,0x0000003f,0x00000643,
0x00000564,0x00000564,0x00000000,0x00000001,
0x0004007c,0x00000045,0x00000644,0x00000643,
0x00050085,0x00000045,0x00000645,0x00000641,
0x00000644,0x0007004f,0x0000003f,0x00000647,
0x00000564,0x00000564,0x00000002,0x00000003,
0x0004007c,0x00000045,0x00000648,0x00000647,
0x00050081,0x00000045,0x00000649,0x00000645,
0x00000648,0x0006000c,0x00000045,0x0000064b,
0x00000001,0x00000008,0x00000649,0x00050083,
0x00000045,0x0000064e,0x00000649,0x0000064b,
0x00040073,0x00000019,0x00000650,0x0000064e,
0x0007004f,0x0000003f,0x00000653,0x00000566,
0x00000566,0x00000000,0x00000001,0x0004007c,
0x00000045,0x00000654,0x00000653,0x00050085,
0x00000045,0x00000655,0x0000064b,0x00000654,
0x0007004f,0x0000003f,0x00000657,0x00000566,
0x00000566,0x00000002,0x00000003,0x0004007c,
0x00000045,0x00000658,0x00000657,0x00050081,
0x00000045,0x00000659,0x00000655,0x00000658,
0x0007004f,0x0000003f,0x0000065c,0x00000568,
0x00000568,0x00000000,0x00000001,0x0004007c,
0x00000045,0x0000065d,0x0000065c,0x00050081,
0x00000045,0x0000065e,0x00000659,0x0000065d,
0x0007004f,0x0000003f,0x00000661,0x00000568,
0x00000568,0x00000002,0x00000003,0x0004007c,
0x00000045,0x00000662,0x00000661,0x00050081,
0x00000045,0x00000663,0x00000659,0x00000662,
0x0007004f,0x0000003f,0x00000666,0x0000056a,
0x0000056a,0x00000000,0x00000001,0x0004007c,
0x00000045,0x00000667,0x00000666,0x00050081,
0x00000045,0x00000668,0x00000659,0x00000667,
0x0004003d,0x000000e5,0x00000865,0x000000e7,
0x0004003d,0x000000e9,0x00000866,0x000000eb,
0x00050056,0x000000ed,0x00000867,0x00000865,
0x00000866,0x00060060,0x000000f0,0x00000869,
0x00000867,0x00000659,0x0000008d,0x00040073,
0x00000023,0x0000086a,0x00000869,0x0004003d,
0x000000e5,0x0000086d,0x000000e7,0x0004003d,
0x000000e9,0x0000086e,0x000000eb,0x00050056,
0x000000ed,0x0000086f,0x0000086d,0x0000086e,
0x00060060,0x000000f0,0x00000871,0x0000086f,
0x00000659,0x000000f9,0x00040073,0x00000023,
0x00000872,0x00000871,0x0004003d,0x000000e5,
0x00000875,0x000000e7,0x0004003d,0x000000e9,
0x00000876,0x000000eb,0x00050056,0x000000ed,
0x00000877,0x00000875,0x00000876,0x00060060,
0x000000f0,0x00000879,0x00000877,0x00000659,
0x00000102,0x00040073,0x00000023,0x0000087a,
0x00000879,0x0004003d,0x000000e5,0x0000087d,
0x000000e7,0x0004003d,0x000000e9,0x0000087e,
0x000000eb,0x00050056,0x000000ed,0x0000087f,
0x0000087d,0x0000087e,0x00060060,0x000000f0,
0x00000881,0x0000087f,0x0000065e,0x0000008d,
0x00040073,0x00000023,0x00000882,0x00000881,
0x0004003d,0x000000e5,0x00000885,0x000000e7,
0x0004003d,0x000000e9,0x00000886,0x000000eb,
0x00050056,0x000000ed,0x00000887,0x00000885,
0x00000886,0x00060060,0x000000f0,0x00000889,
0x00000887,0x0000065e,0x000000f9,0x00040073,
0x00000023,0x0000088a,0x00000889,0x0004003d,
0x000000e5,0x0000088d,0x000000e7,0x0004003d,
0x000000e9,0x0000088e,0x000000eb,0x00050056,
0x000000ed,0x0000088f,0x0000088d,0x0000088e,
0x00060060,0x000000f0,0x00000891,0x0000088f,
0x0000065e,0x00000102,0x00040073,0x00000023,
0x00000892,0x00000891,0x0004003d,0x000000e5,
0x00000895,0x000000e7,0x0004003d,0x000000e9,
0x00000896,0x000000eb,0x00050056,0x000000ed,
0x00000897,0x00000895,0x00000896,0x00060060,
0x000000f0,0x00000899,0x00000897,0x00000663,
0x0000008d,0x00040073,0x00000023,0x0000089a,
0x00000899,0x0004003d,0x000000e5,0x0000089d,
0x000000e7,0x0004003d,0x000000e9,0x0000089e,
0x000000eb,0x00050056,0x000000ed,0x0000089f,
0x0000089d,0x0000089e,0x00060060,0x000000f0,
0x000008a1,0x0000089f,0x00000663,0x000000f9,
0x00040073,0x00000023,0x000008a2,0x000008a1,
0x0004003d,0x000000e5,0x000008a5,0x000000e7,
0x0004003d,0x000000e9,0x000008a6,0x000000eb,
0x00050056,0x000000ed,0x000008a7,0x000008a5,
0x000008a6,0x00060060,0x000000f0,0x000008a9,
0x000008a7,0x00000663,0x00000102,0x00040073,
0x00000023,0x000008aa,0x000008a9,0x0004003d,
0x000000e5,0x000008ad,0x000000e7,0x0004003d,
0x000000e9,0x000008ae,0x000000eb,0x00050056,
0x000000ed,0x000008af,0x000008ad,0x000008ae,
0x00060060,0x000000f0,0x000008b1,0x000008af,
0x00000668,0x0000008d,0x00040073,0x00000023,
0x000008b2,0x000008b1,0x0004003d,0x000000e5,
0x000008b5,0x000000e7,0x0004003d,0x000000e9,
0x000008b6,0x000000eb,0x00050056,0x000000ed,
0x000008b7,0x000008b5,0x000008b6,0x00060060,
0x000000f0,0x000008b9,0x000008b7,0x00000668,
0x000000f9,0x00040073,0x00000023,0x000008ba,
0x000008b9,0x0004003d,0x000000e5,0x000008bd,
0x000000e7,0x0004003d,0x000000e9,0x000008be,
0x000000eb,0x00050056,0x000000ed,0x000008bf,
0x000008bd,0x000008be,0x00060060,0x000000f0,
0x000008c1,0x000008bf,0x00000668,0x00000102,
0x00040073,0x00000023,0x000008c2,0x000008c1,
0x00050085,0x00000023,0x00000683,0x0000087a,
0x00002871,0x00050085,0x00000023,0x00000686,
0x0000086a,0x00002871,0x00050081,0x00000023,
0x00000688,0x00000686,0x00000872,0x00050081,
0x00000023,0x00000689,0x00000683,0x00000688,
0x00050085,0x00000023,0x0000068c,0x00000892,
0x00002871,0x00050085,0x00000023,0x0000068f,
0x00000882,0x00002871,0x00050081,0x00000023,
0x00000691,0x0000068f,0x0000088a,0x00050081,
0x00000023,0x00000692,0x0000068c,0x00000691,
0x00050085,0x00000023,0x00000695,0x000008aa,
0x00002871,0x00050085,0x00000023,0x00000698,
0x0000089a,0x00002871,0x00050081,0x00000023,
0x0000069a,0x00000698,0x000008a2,0x00050081,
0x00000023,0x0000069b,0x00000695,0x0000069a,
0x00050085,0x00000023,0x0000069e,0x000008c2,
0x00002871,0x00050085,0x00000023,0x000006a1,
0x000008b2,0x00002871,0x00050081,0x00000023,
0x000006a3,0x000006a1,0x000008ba,0x00050081,
0x00000023,0x000006a4,0x0000069e,0x000006a3,
0x00050051,0x00000013,0x000006a6,0x00000689,
0x00000000,0x00050051,0x00000013,0x000006a8,
0x00000689,0x00000001,0x00050051,0x00000013,
0x000006aa,0x00000692,0x00000000,0x00050051,
0x00000013,0x000006ac,0x00000692,0x00000001,
0x00050051,0x00000013,0x000006ae,0x00000692,
0x00000002,0x00050051,0x00000013,0x000006b0,
0x00000692,0x00000003,0x00050051,0x00000013,
0x000006b2,0x0000069b,0x00000000,0x00050051,
0x00000013,0x000006b4,0x0000069b,0x00000001,
0x00050051,0x00000013,0x000006b6,0x0000069b,
0x00000002,0x00050051,0x00000013,0x000006b8,
0x0000069b,0x00000003,0x00050051,0x00000013,
0x000006ba,0x000006a4,0x00000002,0x00050051,
0x00000013,0x000006bc,0x000006a4,0x00000003,
0x00050050,0x00000019,0x000006c2,0x000006a6,
0x000006a8,0x00050050,0x00000019,0x000006c5,
0x000006b0,0x000006ae,0x00050050,0x00000019,
0x000006c8,0x000006ae,0x000006b8,0x00050050,
0x00000019,0x000006cb,0x000006b8,0x000006b6,
0x00050050,0x00000019,0x000006ce,0x000006ac,
0x000006b2,0x00050051,0x00000013,0x00000905,
0x00000650,0x00000000,0x0004007f,0x00000013,
0x00000906,0x00000905,0x00050050,0x00000019,
0x00000909,0x00000906,0x00000905,0x00050081,
0x00000019,0x0000090a,0x00000170,0x00000909,
0x00050051,0x00000013,0x0000090d,0x00000650,
0x00000001,0x00050083,0x00000013,0x0000090e,
0x000000a5,0x0000090d,0x00050050,0x00000019,
0x0000096e,0x0000090e,0x0000090e,0x00050085,
0x00000019,0x00000910,0x0000090a,0x0000096e,
0x00050083,0x00000019,0x00000922,0x000006cb,
0x000006c8,0x00050083,0x00000019,0x00000925,
0x000006c8,0x000006c5,0x0006000c,0x00000019,
0x00000927,0x00000001,0x00000004,0x00000922,
0x0006000c,0x00000019,0x00000929,0x00000001,
0x00000004,0x00000925,0x0007000c,0x00000019,
0x0000092a,0x00000001,0x00000028,0x00000927,
0x00000929,0x00050088,0x00000019,0x00000978,
0x000003ec,0x0000092a,0x00050083,0x00000019,
0x0000092f,0x000006cb,0x000006c5,0x00050085,
0x00000019,0x00000932,0x0000092f,0x00000910,
0x0006000c,0x00000019,0x00000936,0x00000001,
0x00000004,0x0000092f,0x00050085,0x00000019,
0x00000938,0x00000936,0x00000978,0x0008000c,
0x00000019,0x00000984,0x00000001,0x0000002b,
0x00000938,0x00000414,0x000003ec,0x00050085,
0x00000019,0x0000093c,0x00000984,0x00000984,
0x00050083,0x00000019,0x00000944,0x000006ce,
0x000006c8,0x00050083,0x00000019,0x00000947,
0x000006c8,0x000006c2,0x0006000c,0x00000019,
0x00000949,0x00000001,0x00000004,0x00000944,
0x0006000c,0x00000019,0x0000094b,0x00000001,
0x00000004,0x00000947,0x0007000c,0x00000019,
0x0000094c,0x00000001,0x00000028,0x00000949,
0x0000094b,0x00050088,0x00000019,0x00000992,
0x000003ec,0x0000094c,0x00050083,0x00000019,
0x00000951,0x000006ce,0x000006c2,0x00050085,
0x00000019,0x00000954,0x00000951,0x00000910,
0x0006000c,0x00000019,0x00000958,0x00000001,
0x00000004,0x00000951,0x00050085,0x00000019,
0x0000095a,0x00000958,0x00000992,0x0008000c,
0x00000019,0x0000099e,0x00000001,0x0000002b,
0x0000095a,0x00000414,0x000003ec,0x00050085,
0x00000019,0x0000095e,0x0000099e,0x0000099e,
0x00050081,0x00000019,0x00002876,0x0000093c,
0x0000095e,0x00050085,0x00000019,0x00000963,
0x00000910,0x00002876,0x00050050,0x00000019,
0x000006dc,0x000006aa,0x000006ac,0x00050050,
0x00000019,0x000006e2,0x000006b2,0x000006b4,
0x00050050,0x00000019,0x000006e5,0x000006bc,
0x000006ba,0x00050050,0x00000019,0x00000a2a,
0x0000090d,0x0000090d,0x00050085,0x00000019,
0x000009d6,0x0000090a,0x00000a2a,0x00050083,
0x00000019,0x000009da,0x000006e2,0x000006ce,
0x00050083,0x00000019,0x000009dd,0x000006ce,
0x000006dc,0x0006000c,0x00000019,0x000009df,
0x00000001,0x00000004,0x000009da,0x0006000c,
0x00000019,0x000009e1,0x00000001,0x00000004,
0x000009dd,0x0007000c,0x00000019,0x000009e2,
0x00000001,0x00000028,0x000009df,0x000009e1,
0x00050088,0x00000019,0x00000a30,0x000003ec,
0x000009e2,0x00050083,0x00000019,0x000009e7,
0x000006e2,0x000006dc,0x00050085,0x00000019,
0x000009ea,0x000009e7,0x000009d6,0x00050081,
0x00000019,0x000009ec,0x00000932,0x000009ea,
0x0006000c,0x00000019,0x000009ee,0x00000001,
0x00000004,0x000009e7,0x00050085,0x00000019,
0x000009f0,0x000009ee,0x00000a30,0x0008000c,
0x00000019,0x00000a3c,0x00000001,0x0000002b,
0x000009f0,0x00000414,0x000003ec,0x00050085,
0x00000019,0x000009f4,0x00000a3c,0x00000a3c,
0x00050085,0x00000019,0x000009f7,0x000009f4,
0x000009d6,0x00050081,0x00000019,0x000009f9,
0x00000963,0x000009f7,0x00050083,0x00000019,
0x000009fc,0x000006e5,0x000006ce,0x0006000c,
0x00000019,0x00000a01,0x00000001,0x00000004,
0x000009fc,0x0007000c,0x00000019,0x00000a04,
0x00000001,0x00000028,0x00000a01,0x00000949,
0x00050088,0x00000019,0x00000a4a,0x000003ec,
0x00000a04,0x00050083,0x00000019,0x00000a09,
0x000006e5,0x000006c8,0x00050085,0x00000019,
0x00000a0c,0x00000a09,0x000009d6,0x00050081,
0x00000019,0x00000a0e,0x00000954,0x00000a0c,
0x0006000c,0x00000019,0x00000a10,0x00000001,
0x00000004,0x00000a09,0x00050085,0x00000019,
0x00000a12,0x00000a10,0x00000a4a,0x0008000c,
0x00000019,0x00000a56,0x00000001,0x0000002b,
0x00000a12,0x00000414,0x000003ec,0x00050085,
0x00000019,0x00000a16,0x00000a56,0x00000a56,
0x00050085,0x00000019,0x00000a19,0x00000a16,
0x000009d6,0x00050081,0x00000019,0x00000a1b,
0x000009f9,0x00000a19,0x00050051,0x00000013,
0x000006ef,0x000009ec,0x00000000,0x00050051,
0x00000013,0x000006f1,0x000009ec,0x00000001,
0x00050081,0x00000013,0x000006f2,0x000006ef,
0x000006f1,0x00050051,0x00000013,0x000006f4,
0x00000a0e,0x00000000,0x00050051,0x00000013,
0x000006f6,0x00000a0e,0x00000001,0x00050081,
0x00000013,0x000006f7,0x000006f4,0x000006f6,
0x00050050,0x00000019,0x000006f8,0x000006f2,
0x000006f7,0x00050051,0x00000013,0x000006fa,
0x00000a1b,0x00000000,0x00050051,0x00000013,
0x000006fc,0x00000a1b,0x00000001,0x00050081,
0x00000013,0x000006fd,0x000006fa,0x000006fc,
0x00050085,0x00000019,0x00000700,0x000006f8,
0x000006f8,0x00050051,0x00000013,0x00000702,
0x00000700,0x00000000,0x00050051,0x00000013,
0x00000704,0x00000700,0x00000001,0x00050081,
0x00000013,0x00000705,0x00000702,0x00000704,
0x000500b8,0x00000061,0x00000708,0x00000705,
0x00000303,0x0004007c,0x00000028,0x00000a68,
0x00000705,0x000500c2,0x00000028,0x00000a6a,
0x00000a68,0x000000c9,0x00050082,0x00000028,
0x00000a6b,0x000000c4,0x00000a6a,0x0004007c,
0x00000013,0x00000a6c,0x00000a6b,0x000600a9,
0x00000013,0x0000287a,0x00000708,0x000000a5,
0x00000a6c,0x000600a9,0x00000013,0x0000287b,
0x00000708,0x000000a5,0x000006f2,0x00060052,
0x00000019,0x000026b0,0x0000287b,0x000006f8,
0x00000000,0x00050050,0x00000019,0x00000a7c,
0x0000287a,0x0000287a,0x00050085,0x00000019,
0x0000071e,0x000026b0,0x00000a7c,0x00050085,
0x00000013,0x00000721,0x000006fd,0x00000242,
0x00050085,0x00000013,0x00000724,0x00000721,
0x00000721,0x00050051,0x00000013,0x00000726,
0x0000071e,0x00000000,0x00050085,0x00000013,
0x00000729,0x00000726,0x00000726,0x00050051,
0x00000013,0x0000072b,0x0000071e,0x00000001,
0x00050085,0x00000013,0x0000072e,0x0000072b,
0x0000072b,0x00050081,0x00000013,0x0000072f,
0x00000729,0x0000072e,0x0006000c,0x00000013,
0x00000732,0x00000001,0x00000004,0x00000726,
0x0006000c,0x00000013,0x00000735,0x00000001,
0x00000004,0x0000072b,0x0007000c,0x00000013,
0x00000736,0x00000001,0x00000028,0x00000732,
0x00000735,0x0004007c,0x00000028,0x00000a85,
0x00000736,0x00050082,0x00000028,0x00000a86,
0x000000bb,0x00000a85,0x0004007c,0x00000013,
0x00000a87,0x00000a86,0x00050085,0x00000013,
0x00000738,0x0000072f,0x00000a87,0x00050083,
0x00000013,0x0000073c,0x00000738,0x000000a5,
0x00050085,0x00000013,0x0000073e,0x0000073c,
0x00000724,0x00050081,0x00000013,0x0000073f,
0x000000a5,0x0000073e,0x00050085,0x00000013,
0x00000743,0x0000034c,0x00000724,0x00050081,
0x00000013,0x00000744,0x000000a5,0x00000743,
0x00050085,0x00000013,0x00000749,0x00000356,
0x00000724,0x00050081,0x00000013,0x0000074a,
0x00000242,0x00000749,0x0004007c,0x00000028,
0x00000aa2,0x0000074a,0x00050082,0x00000028,
0x00000aa3,0x000000bb,0x00000aa2,0x0004007c,
0x00000013,0x00000aa4,0x00000aa3,0x00050051,
0x00000013,0x0000074e,0x00000882,0x00000002,
0x0004007f,0x00000013,0x0000074f,0x0000074e,
0x00050050,0x00000019,0x00000752,0x0000074f,
0x0000074e,0x00050051,0x00000013,0x00000754,
0x0000089a,0x00000003,0x0004007f,0x00000013,
0x00000755,0x00000754,0x00050050,0x00000019,
0x00000758,0x00000755,0x00000754,0x0007000c,
0x00000019,0x00000759,0x00000001,0x00000028,
0x00000752,0x00000758,0x00050051,0x00000013,
0x0000075b,0x00000882,0x00000001,0x0004007f,
0x00000013,0x0000075c,0x0000075b,0x00050050,
0x00000019,0x0000075f,0x0000075c,0x0000075b,
0x00050051,0x00000013,0x00000761,0x0000089a,
0x00000000,0x0004007f,0x00000013,0x00000762,
0x00000761,0x00050050,0x00000019,0x00000765,
0x00000762,0x00000761,0x0007000c,0x00000019,
0x00000766,0x00000001,0x00000028,0x0000075f,
0x00000765,0x0007000c,0x00000019,0x00000767,
0x00000001,0x00000028,0x00000759,0x00000766,
0x00050051,0x00000013,0x00000769,0x0000088a,
0x00000002,0x0004007f,0x00000013,0x0000076a,
0x00000769,0x00050050,0x00000019,0x0000076d,
0x0000076a,0x00000769,0x00050051,0x00000013,
0x0000076f,0x000008a2,0x00000003,0x0004007f,
0x00000013,0x00000770,0x0000076f,0x00050050,
0x00000019,0x00000773,0x00000770,0x0000076f,
0x0007000c,0x00000019,0x00000774,0x00000001,
0x00000028,0x0000076d,0x00000773,0x00050051,
0x00000013,0x00000776,0x0000088a,0x00000001,
0x0004007f,0x00000013,0x00000777,0x00000776,
0x00050050,0x00000019,0x0000077a,0x00000777,
0x00000776,0x00050051,0x00000013,0x0000077c,
0x000008a2,0x00000000,0x0004007f,0x00000013,
0x0000077d,0x0000077c,0x00050050,0x00000019,
0x00000780,0x0000077d,0x0000077c,0x0007000c,
0x00000019,0x00000781,0x00000001,0x00000028,
0x0000077a,0x00000780,0x0007000c,0x00000019,
0x00000782,0x00000001,0x00000028,0x00000774,
0x00000781,0x00050051,0x00000013,0x00000784,
0x00000892,0x00000002,0x0004007f,0x00000013,
0x00000785,0x00000784,0x00050050,0x00000019,
0x00000788,0x00000785,0x00000784,0x00050051,
0x00000013,0x0000078a,0x000008aa,0x00000003,
0x0004007f,0x00000013,0x0000078b,0x0000078a,
0x00050050,0x00000019,0x0000078e,0x0000078b,
0x0000078a,0x0007000c,0x00000019,0x0000078f,
0x00000001,0x00000028,0x00000788,0x0000078e,
0x00050051,0x00000013,0x00000791,0x00000892,
0x00000001,0x0004007f,0x00000013,0x00000792,
0x00000791,0x00050050,0x00000019,0x00000795,
0x00000792,0x00000791,0x00050051,0x00000013,
0x00000797,0x000008aa,0x00000000,0x0004007f,
0x00000013,0x00000798,0x00000797,0x00050050,
0x00000019,0x0000079b,0x00000798,0x00000797,
0x0007000c,0x00000019,0x0000079c,0x00000001,
0x00000028,0x00000795,0x0000079b,0x0007000c,
0x00000019,0x0000079d,0x00000001,0x00000028,
0x0000078f,0x0000079c,0x0007004f,0x00000019,
0x000007a3,0x00000650,0x00000650,0x00000000,
0x00000000,0x00050083,0x00000019,0x000007a4,
0x000003c0,0x000007a3,0x0007004f,0x00000019,
0x000007a6,0x00000650,0x00000650,0x00000001,
0x00000001,0x00050083,0x00000019,0x000007a7,
0x000003c4,0x000007a6,0x0007004f,0x00000019,
0x000007b1,0x0000086a,0x0000086a,0x00000000,
0x00000001,0x0007004f,0x00000019,0x000007b3,
0x00000872,0x00000872,0x00000000,0x00000001,
0x0007004f,0x00000019,0x000007b5,0x0000087a,
0x0000087a,0x00000000,0x00000001,0x0007004f,
0x00000019,0x00000ac8,0x0000071e,0x0000071e,
0x00000000,0x00000000,0x00050085,0x00000019,
0x00000ac9,0x000007a4,0x00000ac8,0x0007004f,
0x00000019,0x00000acc,0x0000071e,0x0000071e,
0x00000001,0x00000001,0x00050085,0x00000019,
0x00000acd,0x000007a7,0x00000acc,0x00050081,
0x00000019,0x00000ace,0x00000ac9,0x00000acd,
0x0004007f,0x00000019,0x00000ad2,0x00000acc,
0x00050085,0x00000019,0x00000ad3,0x000007a4,
0x00000ad2,0x00050085,0x00000019,0x00000ad7,
0x000007a7,0x00000ac8,0x00050081,0x00000019,
0x00000ad8,0x00000ad3,0x00000ad7,0x0005008e,
0x00000019,0x00000adc,0x00000ace,0x0000073f,
0x0005008e,0x00000019,0x00000ae0,0x00000ad8,
0x00000744,0x00050085,0x00000019,0x00000ae3,
0x00000adc,0x00000adc,0x00050085,0x00000019,
0x00000ae6,0x00000ae0,0x00000ae0,0x00050081,
0x00000019,0x00000ae7,0x00000ae3,0x00000ae6,
0x00050050,0x00000019,0x00000b1a,0x00000aa4,
0x00000aa4,0x0007000c,0x00000019,0x00000aeb,
0x00000001,0x00000025,0x00000ae7,0x00000b1a,
0x00050085,0x00000019,0x00000aee,0x00002872,
0x00000aeb,0x00050081,0x00000019,0x00000af0,
0x00000aee,0x000003c4,0x00050050,0x00000019,
0x00000b26,0x0000074a,0x0000074a,0x00050085,
0x00000019,0x00000af4,0x00000b26,0x00000aeb,
0x00050081,0x00000019,0x00000af6,0x00000af4,
0x000003c4,0x00050085,0x00000019,0x00000af9,
0x00000af0,0x00000af0,0x00050085,0x00000019,
0x00000afc,0x00000af6,0x00000af6,0x00050085,
0x00000019,0x00000aff,0x00002873,0x00000af9,
0x00050081,0x00000019,0x00000b01,0x00000aff,
0x00002874,0x00050085,0x00000019,0x00000b04,
0x00000b01,0x00000afc,0x00050085,0x00000019,
0x00000b07,0x000007b1,0x00000b04,0x00050085,
0x00000019,0x00000b0c,0x000007b3,0x00000b04,
0x00050085,0x00000019,0x00000b11,0x000007b5,
0x00000b04,0x00050083,0x00000019,0x000007bd,
0x000003e8,0x000007a3,0x00050083,0x00000019,
0x000007c0,0x000003ec,0x000007a6,0x0007004f,
0x00000019,0x000007ca,0x00000882,0x00000882,
0x00000000,0x00000001,0x0007004f,0x00000019,
0x000007cc,0x0000088a,0x0000088a,0x00000000,
0x00000001,0x0007004f,0x00000019,0x000007ce,
0x00000892,0x00000892,0x00000000,0x00000001,
0x00050085,0x00000019,0x00000b44,0x000007bd,
0x00000ac8,0x00050085,0x00000019,0x00000b48,
0x000007c0,0x00000acc,0x00050081,0x00000019,
0x00000b49,0x00000b44,0x00000b48,0x00050085,
0x00000019,0x00000b4e,0x000007bd,0x00000ad2,
0x00050085,0x00000019,0x00000b52,0x000007c0,
0x00000ac8,0x00050081,0x00000019,0x00000b53,
0x00000b4e,0x00000b52,0x0005008e,0x00000019,
0x00000b57,0x00000b49,0x0000073f,0x0005008e,
0x00000019,0x00000b5b,0x00000b53,0x00000744,
0x00050085,0x00000019,0x00000b5e,0x00000b57,
0x00000b57,0x00050085,0x00000019,0x00000b61,
0x00000b5b,0x00000b5b,0x00050081,0x00000019,
0x00000b62,0x00000b5e,0x00000b61,0x0007000c,
0x00000019,0x00000b66,0x00000001,0x00000025,
0x00000b62,0x00000b1a,0x00050085,0x00000019,
0x00000b69,0x00002872,0x00000b66,0x00050081,
0x00000019,0x00000b6b,0x00000b69,0x000003c4,
0x00050085,0x00000019,0x00000b6f,0x00000b26,
0x00000b66,0x00050081,0x00000019,0x00000b71,
0x00000b6f,0x000003c4,0x00050085,0x00000019,
0x00000b74,0x00000b6b,0x00000b6b,0x00050085,
0x00000019,0x00000b77,0x00000b71,0x00000b71,
0x00050085,0x00000019,0x00000b7a,0x00002873,
0x00000b74,0x00050081,0x00000019,0x00000b7c,
0x00000b7a,0x00002874,0x00050085,0x00000019,
0x00000b7f,0x00000b7c,0x00000b77,0x00050085,
0x00000019,0x00000b82,0x000007ca,0x00000b7f,
0x00050081,0x00000019,0x00000b84,0x00000b07,
0x00000b82,0x00050085,0x00000019,0x00000b87,
0x000007cc,0x00000b7f,0x00050081,0x00000019,
0x00000b89,0x00000b0c,0x00000b87,0x00050085,
0x00000019,0x00000b8c,0x000007ce,0x00000b7f,
0x00050081,0x00000019,0x00000b8e,0x00000b11,
0x00000b8c,0x00050081,0x00000019,0x00000b91,
0x00000b04,0x00000b7f,0x00050083,0x00000019,
0x000007d6,0x00000410,0x000007a3,0x0004007f,
0x00000019,0x000007d9,0x000007a6,0x0007004f,
0x00000019,0x000007e3,0x00000882,0x00000882,
0x00000002,0x00000003,0x0007004f,0x00000019,
0x000007e5,0x0000088a,0x0000088a,0x00000002,
0x00000003,0x0007004f,0x00000019,0x000007e7,
0x00000892,0x00000892,0x00000002,0x00000003,
0x00050085,0x00000019,0x00000bbf,0x000007d6,
0x00000ac8,0x00050085,0x00000019,0x00000bc3,
0x000007d9,0x00000acc,0x00050081,0x00000019,
0x00000bc4,0x00000bbf,0x00000bc3,0x00050085,
0x00000019,0x00000bc9,0x000007d6,0x00000ad2,
0x00050085,0x00000019,0x00000bcd,0x000007d9,
0x00000ac8,0x00050081,0x00000019,0x00000bce,
0x00000bc9,0x00000bcd,0x0005008e,0x00000019,
0x00000bd2,0x00000bc4,0x0000073f,0x0005008e,
0x00000019,0x00000bd6,0x00000bce,0x00000744,
0x00050085,0x00000019,0x00000bd9,0x00000bd2,
0x00000bd2,0x00050085,0x00000019,0x00000bdc,
0x00000bd6,0x00000bd6,0x00050081,0x00000019,
0x00000bdd,0x00000bd9,0x00000bdc,0x0007000c,
0x00000019,0x00000be1,0x00000001,0x00000025,
0x00000bdd,0x00000b1a,0x00050085,0x00000019,
0x00000be4,0x00002872,0x00000be1,0x00050081,
0x00000019,0x00000be6,0x00000be4,0x000003c4,
0x00050085,0x00000019,0x00000bea,0x00000b26,
0x00000be1,0x00050081,0x00000019,0x00000bec,
0x00000bea,0x000003c4,0x00050085,0x00000019,
0x00000bef,0x00000be6,0x00000be6,0x00050085,
0x00000019,0x00000bf2,0x00000bec,0x00000bec,
0x00050085,0x00000019,0x00000bf5,0x00002873,
0x00000bef,0x00050081,0x00000019,0x00000bf7,
0x00000bf5,0x00002874,0x00050085,0x00000019,
0x00000bfa,0x00000bf7,0x00000bf2,0x00050085,
0x00000019,0x00000bfd,0x000007e3,0x00000bfa,
0x00050081,0x00000019,0x00000bff,0x00000b84,
0x00000bfd,0x00050085,0x00000019,0x00000c02,
0x000007e5,0x00000bfa,0x00050081,0x00000019,
0x00000c04,0x00000b89,0x00000c02,0x00050085,
0x00000019,0x00000c07,0x000007e7,0x00000bfa,
0x00050081,0x00000019,0x00000c09,0x00000b8e,
0x00000c07,0x00050081,0x00000019,0x00000c0c,
0x00000b91,0x00000bfa,0x00050083,0x00000019,
0x000007ef,0x00000439,0x000007a3,0x0007004f,
0x00000019,0x000007fc,0x0000089a,0x0000089a,
0x00000000,0x00000001,0x0007004f,0x00000019,
0x000007fe,0x000008a2,0x000008a2,0x00000000,
0x00000001,0x0007004f,0x00000019,0x00000800,
0x000008aa,0x000008aa,0x00000000,0x00000001,
0x00050085,0x00000019,0x00000c3a,0x000007ef,
0x00000ac8,0x00050081,0x00000019,0x00000c3f,
0x00000c3a,0x00000b48,0x00050085,0x00000019,
0x00000c44,0x000007ef,0x00000ad2,0x00050081,
0x00000019,0x00000c49,0x00000c44,0x00000b52,
0x0005008e,0x00000019,0x00000c4d,0x00000c3f,
0x0000073f,0x0005008e,0x00000019,0x00000c51,
0x00000c49,0x00000744,0x00050085,0x00000019,
0x00000c54,0x00000c4d,0x00000c4d,0x00050085,
0x00000019,0x00000c57,0x00000c51,0x00000c51,
0x00050081,0x00000019,0x00000c58,0x00000c54,
0x00000c57,0x0007000c,0x00000019,0x00000c5c,
0x00000001,0x00000025,0x00000c58,0x00000b1a,
0x00050085,0x00000019,0x00000c5f,0x00002872,
0x00000c5c,0x00050081,0x00000019,0x00000c61,
0x00000c5f,0x000003c4,0x00050085,0x00000019,
0x00000c65,0x00000b26,0x00000c5c,0x00050081,
0x00000019,0x00000c67,0x00000c65,0x000003c4,
0x00050085,0x00000019,0x00000c6a,0x00000c61,
0x00000c61,0x00050085,0x00000019,0x00000c6d,
0x00000c67,0x00000c67,0x00050085,0x00000019,
0x00000c70,0x00002873,0x00000c6a,0x00050081,
0x00000019,0x00000c72,0x00000c70,0x00002874,
0x00050085,0x00000019,0x00000c75,0x00000c72,
0x00000c6d,0x00050085,0x00000019,0x00000c78,
0x000007fc,0x00000c75,0x00050081,0x00000019,
0x00000c7a,0x00000bff,0x00000c78,0x00050085,
0x00000019,0x00000c7d,0x000007fe,0x00000c75,
0x00050081,0x00000019,0x00000c7f,0x00000c04,
0x00000c7d,0x00050085,0x00000019,0x00000c82,
0x00000800,0x00000c75,0x00050081,0x00000019,
0x00000c84,0x00000c09,0x00000c82,0x00050081,
0x00000019,0x00000c87,0x00000c0c,0x00000c75,
0x00050083,0x00000019,0x00000808,0x00000460,
0x000007a3,0x0007004f,0x00000019,0x00000815,
0x0000089a,0x0000089a,0x00000002,0x00000003,
0x0007004f,0x00000019,0x00000817,0x000008a2,
0x000008a2,0x00000002,0x00000003,0x0007004f,
0x00000019,0x00000819,0x000008aa,0x000008aa,
0x00000002,0x00000003,0x00050085,0x00000019,
0x00000cb5,0x00000808,0x00000ac8,0x00050081,
0x00000019,0x00000cba,0x00000cb5,0x00000bc3,
0x00050085,0x00000019,0x00000cbf,0x00000808,
0x00000ad2,0x00050081,0x00000019,0x00000cc4,
0x00000cbf,0x00000bcd,0x0005008e,0x00000019,
0x00000cc8,0x00000cba,0x0000073f,0x0005008e,
0x00000019,0x00000ccc,0x00000cc4,0x00000744,
0x00050085,0x00000019,0x00000ccf,0x00000cc8,
0x00000cc8,0x00050085,0x00000019,0x00000cd2,
0x00000ccc,0x00000ccc,0x00050081,0x00000019,
0x00000cd3,0x00000ccf,0x00000cd2,0x0007000c,
0x00000019,0x00000cd7,0x00000001,0x00000025,
0x00000cd3,0x00000b1a,0x00050085,0x00000019,
0x00000cda,0x00002872,0x00000cd7,0x00050081,
0x00000019,0x00000cdc,0x00000cda,0x000003c4,
0x00050085,0x00000019,0x00000ce0,0x00000b26,
0x00000cd7,0x00050081,0x00000019,0x00000ce2,
0x00000ce0,0x000003c4,0x00050085,0x00000019,
0x00000ce5,0x00000cdc,0x00000cdc,0x00050085,
0x00000019,0x00000ce8,0x00000ce2,0x00000ce2,
0x00050085,0x00000019,0x00000ceb,0x00002873,
0x00000ce5,0x00050081,0x00000019,0x00000ced,
0x00000ceb,0x00002874,0x00050085,0x00000019,
0x00000cf0,0x00000ced,0x00000ce8,0x00050085,
0x00000019,0x00000cf3,0x00000815,0x00000cf0,
0x00050081,0x00000019,0x00000cf5,0x00000c7a,
0x00000cf3,0x00050085,0x00000019,0x00000cf8,
0x00000817,0x00000cf0,0x00050081,0x00000019,
0x00000cfa,0x00000c7f,0x00000cf8,0x00050085,
0x00000019,0x00000cfd,0x00000819,0x00000cf0,
0x00050081,0x00000019,0x00000cff,0x00000c84,
0x00000cfd,0x00050081,0x00000019,0x00000d02,
0x00000c87,0x00000cf0,0x00050083,0x00000019,
0x00000821,0x00000170,0x000007a3,0x00050083,
0x00000019,0x00000824,0x0000048a,0x000007a6,
0x0007004f,0x00000019,0x0000082e,0x000008b2,
0x000008b2,0x00000002,0x00000003,0x0007004f,
0x00000019,0x00000830,0x000008ba,0x000008ba,
0x00000002,0x00000003,0x0007004f,0x00000019,
0x00000832,0x000008c2,0x000008c2,0x00000002,
0x00000003,0x00050085,0x00000019,0x00000d30,
0x00000821,0x00000ac8,0x00050085,0x00000019,
0x00000d34,0x00000824,0x00000acc,0x00050081,
0x00000019,0x00000d35,0x00000d30,0x00000d34,
0x00050085,0x00000019,0x00000d3a,0x00000821,
0x00000ad2,0x00050085,0x00000019,0x00000d3e,
0x00000824,0x00000ac8,0x00050081,0x00000019,
0x00000d3f,0x00000d3a,0x00000d3e,0x0005008e,
0x00000019,0x00000d43,0x00000d35,0x0000073f,
0x0005008e,0x00000019,0x00000d47,0x00000d3f,
0x00000744,0x00050085,0x00000019,0x00000d4a,
0x00000d43,0x00000d43,0x00050085,0x00000019,
0x00000d4d,0x00000d47,0x00000d47,0x00050081,
0x00000019,0x00000d4e,0x00000d4a,0x00000d4d,
0x0007000c,0x00000019,0x00000d52,0x00000001,
0x00000025,0x00000d4e,0x00000b1a,0x00050085,
0x00000019,0x00000d55,0x00002872,0x00000d52,
0x00050081,0x00000019,0x00000d57,0x00000d55,
0x000003c4,0x00050085,0x00000019,0x00000d5b,
0x00000b26,0x00000d52,0x00050081,0x00000019,
0x00000d5d,0x00000d5b,0x000003c4,0x00050085,
0x00000019,0x00000d60,0x00000d57,0x00000d57,
0x00050085,0x00000019,0x00000d63,0x00000d5d,
0x00000d5d,0x00050085,0x00000019,0x00000d66,
0x00002873,0x00000d60,0x00050081,0x00000019,
0x00000d68,0x00000d66,0x00002874,0x00050085,
0x00000019,0x00000d6b,0x00000d68,0x00000d63,
0x00050085,0x00000019,0x00000d6e,0x0000082e,
0x00000d6b,0x00050081,0x00000019,0x00000d70,
0x00000cf5,0x00000d6e,0x00050085,0x00000019,
0x00000d73,0x00000830,0x00000d6b,0x00050081,
0x00000019,0x00000d75,0x00000cfa,0x00000d73,
0x00050085,0x00000019,0x00000d78,0x00000832,
0x00000d6b,0x00050081,0x00000019,0x00000d7a,
0x00000cff,0x00000d78,0x00050081,0x00000019,
0x00000d7d,0x00000d02,0x00000d6b,0x00050051,
0x00000013,0x00000839,0x00000d70,0x00000000,
0x00050051,0x00000013,0x0000083b,0x00000d70,
0x00000001,0x00050081,0x00000013,0x0000083c,
0x00000839,0x0000083b,0x00050051,0x00000013,
0x0000083e,0x00000d75,0x00000000,0x00050051,
0x00000013,0x00000840,0x00000d75,0x00000001,
0x00050081,0x00000013,0x00000841,0x0000083e,
0x00000840,0x00050051,0x00000013,0x00000843,
0x00000d7a,0x00000000,0x00050051,0x00000013,
0x00000845,0x00000d7a,0x00000001,0x00050081,
0x00000013,0x00000846,0x00000843,0x00000845,
0x00060050,0x0000001e,0x00000847,0x0000083c,
0x00000841,0x00000846,0x00050051,0x00000013,
0x00000849,0x00000d7d,0x00000000,0x00050051,
0x00000013,0x0000084b,0x00000d7d,0x00000001,
0x00050081,0x00000013,0x0000084c,0x00000849,
0x0000084b,0x00050051,0x00000013,0x0000084e,
0x00000767,0x00000001,0x00050051,0x00000013,
0x00000850,0x00000782,0x00000001,0x00050051,
0x00000013,0x00000852,0x0000079d,0x00000001,
0x00060050,0x0000001e,0x00000853,0x0000084e,
0x00000850,0x00000852,0x00050051,0x00000013,
0x00000855,0x00000767,0x00000000,0x00050051,
0x00000013,0x00000857,0x00000782,0x00000000,
0x00050051,0x00000013,0x00000859,0x0000079d,
0x00000000,0x00060050,0x0000001e,0x0000085a,
0x00000855,0x00000857,0x00000859,0x0004007f,
0x0000001e,0x0000085b,0x0000085a,0x00050088,
0x00000013,0x00000d9f,0x000000a5,0x0000084c,
0x00060050,0x0000001e,0x00000da6,0x00000d9f,
0x00000d9f,0x00000d9f,0x00050085,0x0000001e,
0x00000860,0x00000847,0x00000da6,0x0007000c,
0x0000001e,0x00000861,0x00000001,0x00000028,
0x0000085b,0x00000860,0x0007000c,0x0000001e,
0x00000862,0x00000001,0x00000025,0x00000853,
0x00000861,0x0004003d,0x000004f4,0x0000056d,
0x000004f6,0x0004007c,0x000004f9,0x0000056f,
0x00000515,0x00040073,0x000004fc,0x00000571,
0x00000862,0x00050051,0x00000044,0x00000572,
0x00000571,0x00000000,0x00050051,0x00000044,
0x00000573,0x00000571,0x00000001,0x00050051,
0x00000044,0x00000574,0x00000571,0x00000002,
0x00070050,0x000000f0,0x00000575,0x00000572,
0x00000573,0x00000574,0x000004fe,0x00040063,
0x0000056d,0x0000056f,0x00000575,0x00050051,
0x00000006,0x0000051b,0x00000515,0x00000000,
0x00050080,0x00000006,0x0000051c,0x0000051b,
0x00000519,0x00060052,0x0000003f,0x000026eb,
0x0000051c,0x00000515,0x00000000,0x00040070,
0x00000045,0x00000e8e,0x000026eb,0x00050085,
0x00000045,0x00000e92,0x00000e8e,0x00000644,
0x00050081,0x00000045,0x00000e96,0x00000e92,
0x00000648,0x0006000c,0x00000045,0x00000e98,
0x00000001,0x00000008,0x00000e96,0x00050083,
0x00000045,0x00000e9b,0x00000e96,0x00000e98,
0x00040073,0x00000019,0x00000e9d,0x00000e9b,
0x00050085,0x00000045,0x00000ea2,0x00000e98,
0x00000654,0x00050081,0x00000045,0x00000ea6,
0x00000ea2,0x00000658,0x00050081,0x00000045,
0x00000eab,0x00000ea6,0x0000065d,0x00050081,
0x00000045,0x00000eb0,0x00000ea6,0x00000662,
0x00050081,0x00000045,0x00000eb5,0x00000ea6,
0x00000667,0x0004003d,0x000000e5,0x000010b2,
0x000000e7,0x0004003d,0x000000e9,0x000010b3,
0x000000eb,0x00050056,0x000000ed,0x000010b4,
0x000010b2,0x000010b3,0x00060060,0x000000f0,
0x000010b6,0x000010b4,0x00000ea6,0x0000008d,
0x00040073,0x00000023,0x000010b7,0x000010b6,
0x0004003d,0x000000e5,0x000010ba,0x000000e7,
0x0004003d,0x000000e9,0x000010bb,0x000000eb,
0x00050056,0x000000ed,0x000010bc,0x000010ba,
0x000010bb,0x00060060,0x000000f0,0x000010be,
0x000010bc,0x00000ea6,0x000000f9,0x00040073,
0x00000023,0x000010bf,0x000010be,0x0004003d,
0x000000e5,0x000010c2,0x000000e7,0x0004003d,
0x000000e9,0x000010c3,0x000000eb,0x00050056,
0x000000ed,0x000010c4,0x000010c2,0x000010c3,
0x00060060,0x000000f0,0x000010c6,0x000010c4,
0x00000ea6,0x00000102,0x00040073,0x00000023,
0x000010c7,0x000010c6,0x0004003d,0x000000e5,
0x000010ca,0x000000e7,0x0004003d,0x000000e9,
0x000010cb,0x000000eb,0x00050056,0x000000ed,
0x000010cc,0x000010ca,0x000010cb,0x00060060,
0x000000f0,0x000010ce,0x000010cc,0x00000eab,
0x0000008d,0x00040073,0x00000023,0x000010cf,
0x000010ce,0x0004003d,0x000000e5,0x000010d2,
0x000000e7,0x0004003d,0x000000e9,0x000010d3,
0x000000eb,0x00050056,0x000000ed,0x000010d4,
0x000010d2,0x000010d3,0x00060060,0x000000f0,
0x000010d6,0x000010d4,0x00000eab,0x000000f9,
0x00040073,0x00000023,0x000010d7,0x000010d6,
0x0004003d,0x000000e5,0x000010da,0x000000e7,
0x0004003d,0x000000e9,0x000010db,0x000000eb,
0x00050056,0x000000ed,0x000010dc,0x000010da,
0x000010db,0x00060060,0x000000f0,0x000010de,
0x000010dc,0x00000eab,0x00000102,0x00040073,
0x00000023,0x000010df,0x000010de,0x0004003d,
0x000000e5,0x000010e2,0x000000e7,0x0004003d,
0x000000e9,0x000010e3,0x000000eb,0x00050056,
0x000000ed,0x000010e4,0x000010e2,0x000010e3,
0x00060060,0x000000f0,0x000010e6,0x000010e4,
0x00000eb0,0x0000008d,0x00040073,0x00000023,
0x000010e7,0x000010e6,0x0004003d,0x000000e5,
0x000010ea,0x000000e7,0x0004003d,0x000000e9,
0x000010eb,0x000000eb,0x00050056,0x000000ed,
0x000010ec,0x000010ea,0x000010eb,0x00060060,
0x000000f0,0x000010ee,0x000010ec,0x00000eb0,
0x000000f9,0x00040073,0x00000023,0x000010ef,
0x000010ee,0x0004003d,0x000000e5,0x000010f2,
0x000000e7,0x0004003d,0x000000e9,0x000010f3,
0x000000eb,0x00050056,0x000000ed,0x000010f4,
0x000010f2,0x000010f3,0x00060060,0x000000f0,
0x000010f6,0x000010f4,0x00000eb0,0x00000102,
0x00040073,0x00000023,0x000010f7,0x000010f6,
0x0004003d,0x000000e5,0x000010fa,0x000000e7,
0x0004003d,0x000000e9,0x000010fb,0x000000eb,
0x00050056,0x000000ed,0x000010fc,0x000010fa,
0x000010fb,0x00060060,0x000000f0,0x000010fe,
0x000010fc,0x00000eb5,0x0000008d,0x00040073,
0x00000023,0x000010ff,0x000010fe,0x0004003d,
0x000000e5,0x00001102,0x000000e7,0x0004003d,
0x000000e9,0x00001103,0x000000eb,0x00050056,
0x000000ed,0x00001104,0x00001102,0x00001103,
0x00060060,0x000000f0,0x00001106,0x00001104,
0x00000eb5,0x000000f9,0x00040073,0x00000023,
0x00001107,0x00001106,0x0004003d,0x000000e5,
0x0000110a,0x000000e7,0x0004003d,0x000000e9,
0x0000110b,0x000000eb,0x00050056,0x000000ed,
0x0000110c,0x0000110a,0x0000110b,0x00060060,
0x000000f0,0x0000110e,0x0000110c,0x00000eb5,
0x00000102,0x00040073,0x00000023,0x0000110f,
0x0000110e,0x00050085,0x00000023,0x00000ed0,
0x000010c7,0x00002871,0x00050085,0x00000023,
0x00000ed3,0x000010b7,0x00002871,0x00050081,
0x00000023,0x00000ed5,0x00000ed3,0x000010bf,
0x00050081,0x00000023,0x00000ed6,0x00000ed0,
0x00000ed5,0x00050085,0x00000023,0x00000ed9,
0x000010df,0x00002871,0x00050085,0x00000023,
0x00000edc,0x000010cf,0x00002871,0x00050081,
0x00000023,0x00000ede,0x00000edc,0x000010d7,
0x00050081,0x00000023,0x00000edf,0x00000ed9,
0x00000ede,0x00050085,0x00000023,0x00000ee2,
0x000010f7,0x00002871,0x00050085,0x00000023,
0x00000ee5,0x000010e7,0x00002871,0x00050081,
0x00000023,0x00000ee7,0x00000ee5,0x000010ef,
0x00050081,0x00000023,0x00000ee8,0x00000ee2,
0x00000ee7,0x00050085,0x00000023,0x00000eeb,
0x0000110f,0x00002871,0x00050085,0x00000023,
0x00000eee,0x000010ff,0x00002871,0x00050081,
0x00000023,0x00000ef0,0x00000eee,0x00001107,
0x00050081,0x00000023,0x00000ef1,0x00000eeb,
0x00000ef0,0x00050051,0x00000013,0x00000ef3,
0x00000ed6,0x00000000,0x00050051,0x00000013,
0x00000ef5,0x00000ed6,0x00000001,0x00050051,
0x00000013,0x00000ef7,0x00000edf,0x00000000,
0x00050051,0x00000013,0x00000ef9,0x00000edf,
0x00000001,0x00050051,0x00000013,0x00000efb,
0x00000edf,0x00000002,0x00050051,0x00000013,
0x00000efd,0x00000edf,0x00000003,0x00050051,
0x00000013,0x00000eff,0x00000ee8,0x00000000,
0x00050051,0x00000013,0x00000f01,0x00000ee8,
0x00000001,0x00050051,0x00000013,0x00000f03,
0x00000ee8,0x00000002,0x00050051,0x00000013,
0x00000f05,0x00000ee8,0x00000003,0x00050051,
0x00000013,0x00000f07,0x00000ef1,0x00000002,
0x00050051,0x00000013,0x00000f09,0x00000ef1,
0x00000003,0x00050050,0x00000019,0x00000f0f,
0x00000ef3,0x00000ef5,0x00050050,0x00000019,
0x00000f12,0x00000efd,0x00000efb,0x00050050,
0x00000019,0x00000f15,0x00000efb,0x00000f05,
0x00050050,0x00000019,0x00000f18,0x00000f05,
0x00000f03,0x00050050,0x00000019,0x00000f1b,
0x00000ef9,0x00000eff,0x00050051,0x00000013,
0x00001152,0x00000e9d,0x00000000,0x0004007f,
0x00000013,0x00001153,0x00001152,0x00050050,
0x00000019,0x00001156,0x00001153,0x00001152,
0x00050081,0x00000019,0x00001157,0x00000170,
0x00001156,0x00050051,0x00000013,0x0000115a,
0x00000e9d,0x00000001,0x00050083,0x00000013,
0x0000115b,0x000000a5,0x0000115a,0x00050050,
0x00000019,0x000011bb,0x0000115b,0x0000115b,
0x00050085,0x00000019,0x0000115d,0x00001157,
0x000011bb,0x00050083,0x00000019,0x0000116f,
0x00000f18,0x00000f15,0x00050083,0x00000019,
0x00001172,0x00000f15,0x00000f12,0x0006000c,
0x00000019,0x00001174,0x00000001,0x00000004,
0x0000116f,0x0006000c,0x00000019,0x00001176,
0x00000001,0x00000004,0x00001172,0x0007000c,
0x00000019,0x00001177,0x00000001,0x00000028,
0x00001174,0x00001176,0x00050088,0x00000019,
0x000011c5,0x000003ec,0x00001177,0x00050083,
0x00000019,0x0000117c,0x00000f18,0x00000f12,
0x00050085,0x00000019,0x0000117f,0x0000117c,
0x0000115d,0x0006000c,0x00000019,0x00001183,
0x00000001,0x00000004,0x0000117c,0x00050085,
0x00000019,0x00001185,0x00001183,0x000011c5,
0x0008000c,0x00000019,0x000011d1,0x00000001,
0x0000002b,0x00001185,0x00000414,0x000003ec,
0x00050085,0x00000019,0x00001189,0x000011d1,
0x000011d1,0x00050083,0x00000019,0x00001191,
0x00000f1b,0x00000f15,0x00050083,0x00000019,
0x00001194,0x00000f15,0x00000f0f,0x0006000c,
0x00000019,0x00001196,0x00000001,0x00000004,
0x00001191,0x0006000c,0x00000019,0x00001198,
0x00000001,0x00000004,0x00001194,0x0007000c,
0x00000019,0x00001199,0x00000001,0x00000028,
0x00001196,0x00001198,0x00050088,0x00000019,
0x000011df,0x000003ec,0x00001199,0x00050083,
0x00000019,0x0000119e,0x00000f1b,0x00000f0f,
0x00050085,0x00000019,0x000011a1,0x0000119e,
0x0000115d,0x0006000c,0x00000019,0x000011a5,
0x00000001,0x00000004,0x0000119e,0x00050085,
0x00000019,0x000011a7,0x000011a5,0x000011df,
0x0008000c,0x00000019,0x000011eb,0x00000001,
0x0000002b,0x000011a7,0x00000414,0x000003ec,
0x00050085,0x00000019,0x000011ab,0x000011eb,
0x000011eb,0x00050081,0x00000019,0x00002877,
0x00001189,0x000011ab,0x00050085,0x00000019,
0x000011b0,0x0000115d,0x00002877,0x00050050,
0x00000019,0x00000f29,0x00000ef7,0x00000ef9,
0x00050050,0x00000019,0x00000f2f,0x00000eff,
0x00000f01,0x00050050,0x00000019,0x00000f32,
0x00000f09,0x00000f07,0x00050050,0x00000019,
0x00001277,0x0000115a,0x0000115a,0x00050085,
0x00000019,0x00001223,0x00001157,0x00001277,
0x00050083,0x00000019,0x00001227,0x00000f2f,
0x00000f1b,0x00050083,0x00000019,0x0000122a,
0x00000f1b,0x00000f29,0x0006000c,0x00000019,
0x0000122c,0x00000001,0x00000004,0x00001227,
0x0006000c,0x00000019,0x0000122e,0x00000001,
0x00000004,0x0000122a,0x0007000c,0x00000019,
0x0000122f,0x00000001,0x00000028,0x0000122c,
0x0000122e,0x00050088,0x00000019,0x0000127d,
0x000003ec,0x0000122f,0x00050083,0x00000019,
0x00001234,0x00000f2f,0x00000f29,0x00050085,
0x00000019,0x00001237,0x00001234,0x00001223,
0x00050081,0x00000019,0x00001239,0x0000117f,
0x00001237,0x0006000c,0x00000019,0x0000123b,
0x00000001,0x00000004,0x00001234,0x00050085,
0x00000019,0x0000123d,0x0000123b,0x0000127d,
0x0008000c,0x00000019,0x00001289,0x00000001,
0x0000002b,0x0000123d,0x00000414,0x000003ec,
0x00050085,0x00000019,0x00001241,0x00001289,
0x00001289,0x00050085,0x00000019,0x00001244,
0x00001241,0x00001223,0x00050081,0x00000019,
0x00001246,0x000011b0,0x00001244,0x00050083,
0x00000019,0x00001249,0x00000f32,0x00000f1b,
0x0006000c,0x00000019,0x0000124e,0x00000001,
0x00000004,0x00001249,0x0007000c,0x00000019,
0x00001251,0x00000001,0x00000028,0x0000124e,
0x00001196,0x00050088,0x00000019,0x00001297,
0x000003ec,0x00001251,0x00050083,0x00000019,
0x00001256,0x00000f32,0x00000f15,0x00050085,
0x00000019,0x00001259,0x00001256,0x00001223,
0x00050081,0x00000019,0x0000125b,0x000011a1,
0x00001259,0x0006000c,0x00000019,0x0000125d,
0x00000001,0x00000004,0x00001256,0x00050085,
0x00000019,0x0000125f,0x0000125d,0x00001297,
0x0008000c,0x00000019,0x000012a3,0x00000001,
0x0000002b,0x0000125f,0x00000414,0x000003ec,
0x00050085,0x00000019,0x00001263,0x000012a3,
0x000012a3,0x00050085,0x00000019,0x00001266,
0x00001263,0x00001223,0x00050081,0x00000019,
0x00001268,0x00001246,0x00001266,0x00050051,
0x00000013,0x00000f3c,0x00001239,0x00000000,
0x00050051,0x00000013,0x00000f3e,0x00001239,
0x00000001,0x00050081,0x00000013,0x00000f3f,
0x00000f3c,0x00000f3e,0x00050051,0x00000013,
0x00000f41,0x0000125b,0x00000000,0x00050051,
0x00000013,0x00000f43,0x0000125b,0x00000001,
0x00050081,0x00000013,0x00000f44,0x00000f41,
0x00000f43,0x00050050,0x00000019,0x00000f45,
0x00000f3f,0x00000f44,0x00050051,0x00000013,
0x00000f47,0x00001268,0x00000000,0x00050051,
0x00000013,0x00000f49,0x00001268,0x00000001,
0x00050081,0x00000013,0x00000f4a,0x00000f47,
0x00000f49,0x00050085,0x00000019,0x00000f4d,
0x00000f45,0x00000f45,0x00050051,0x00000013,
0x00000f4f,0x00000f4d,0x00000000,0x00050051,
0x00000013,0x00000f51,0x00000f4d,0x00000001,
0x00050081,0x00000013,0x00000f52,0x00000f4f,
0x00000f51,0x000500b8,0x00000061,0x00000f55,
0x00000f52,0x00000303,0x0004007c,0x00000028,
0x000012b5,0x00000f52,0x000500c2,0x00000028,
0x000012b7,0x000012b5,0x000000c9,0x00050082,
0x00000028,0x000012b8,0x000000c4,0x000012b7,
0x0004007c,0x00000013,0x000012b9,0x000012b8,
0x000600a9,0x00000013,0x0000287c,0x00000f55,
0x000000a5,0x000012b9,0x000600a9,0x00000013,
0x0000287d,0x00000f55,0x000000a5,0x00000f3f,
0x00060052,0x00000019,0x0000270e,0x0000287d,
0x00000f45,0x00000000,0x00050050,0x00000019,
0x000012c9,0x0000287c,0x0000287c,0x00050085,
0x00000019,0x00000f6b,0x0000270e,0x000012c9,
0x00050085,0x00000013,0x00000f6e,0x00000f4a,
0x00000242,0x00050085,0x00000013,0x00000f71,
0x00000f6e,0x00000f6e,0x00050051,0x00000013,
0x00000f73,0x00000f6b,0x00000000,0x00050085,
0x00000013,0x00000f76,0x00000f73,0x00000f73,
0x00050051,0x00000013,0x00000f78,0x00000f6b,
0x00000001,0x00050085,0x00000013,0x00000f7b,
0x00000f78,0x00000f78,0x00050081,0x00000013,
0x00000f7c,0x00000f76,0x00000f7b,0x0006000c,
0x00000013,0x00000f7f,0x00000001,0x00000004,
0x00000f73,0x0006000c,0x00000013,0x00000f82,
0x00000001,0x00000004,0x00000f78,0x0007000c,
0x00000013,0x00000f83,0x00000001,0x00000028,
0x00000f7f,0x00000f82,0x0004007c,0x00000028,
0x000012d2,0x00000f83,0x00050082,0x00000028,
0x000012d3,0x000000bb,0x000012d2,0x0004007c,
0x00000013,0x000012d4,0x000012d3,0x00050085,
0x00000013,0x00000f85,0x00000f7c,0x000012d4,
0x00050083,0x00000013,0x00000f89,0x00000f85,
0x000000a5,0x00050085,0x00000013,0x00000f8b,
0x00000f89,0x00000f71,0x00050081,0x00000013,
0x00000f8c,0x000000a5,0x00000f8b,0x00050085,
0x00000013,0x00000f90,0x0000034c,0x00000f71,
0x00050081,0x00000013,0x00000f91,0x000000a5,
0x00000f90,0x00050085,0x00000013,0x00000f96,
0x00000356,0x00000f71,0x00050081,0x00000013,
0x00000f97,0x00000242,0x00000f96,0x0004007c,
0x00000028,0x000012ef,0x00000f97,0x00050082,
0x00000028,0x000012f0,0x000000bb,0x000012ef,
0x0004007c,0x00000013,0x000012f1,0x000012f0,
0x00050051,0x00000013,0x00000f9b,0x000010cf,
0x00000002,0x0004007f,0x00000013,0x00000f9c,
0x00000f9b,0x00050050,0x00000019,0x00000f9f,
0x00000f9c,0x00000f9b,0x00050051,0x00000013,
0x00000fa1,0x000010e7,0x00000003,0x0004007f,
0x00000013,0x00000fa2,0x00000fa1,0x00050050,
0x00000019,0x00000fa5,0x00000fa2,0x00000fa1,
0x0007000c,0x00000019,0x00000fa6,0x00000001,
0x00000028,0x00000f9f,0x00000fa5,0x00050051,
0x00000013,0x00000fa8,0x000010cf,0x00000001,
0x0004007f,0x00000013,0x00000fa9,0x00000fa8,
0x00050050,0x00000019,0x00000fac,0x00000fa9,
0x00000fa8,0x00050051,0x00000013,0x00000fae,
0x000010e7,0x00000000,0x0004007f,0x00000013,
0x00000faf,0x00000fae,0x00050050,0x00000019,
0x00000fb2,0x00000faf,0x00000fae,0x0007000c,
0x00000019,0x00000fb3,0x00000001,0x00000028,
0x00000fac,0x00000fb2,0x0007000c,0x00000019,
0x00000fb4,0x00000001,0x00000028,0x00000fa6,
0x00000fb3,0x00050051,0x00000013,0x00000fb6,
0x000010d7,0x00000002,0x0004007f,0x00000013,
0x00000fb7,0x00000fb6,0x00050050,0x00000019,
0x00000fba,0x00000fb7,0x00000fb6,0x00050051,
0x00000013,0x00000fbc,0x000010ef,0x00000003,
0x0004007f,0x00000013,0x00000fbd,0x00000fbc,
0x00050050,0x00000019,0x00000fc0,0x00000fbd,
0x00000fbc,0x0007000c,0x00000019,0x00000fc1,
0x00000001,0x00000028,0x00000fba,0x00000fc0,
0x00050051,0x00000013,0x00000fc3,0x000010d7,
0x00000001,0x0004007f,0x00000013,0x00000fc4,
0x00000fc3,0x00050050,0x00000019,0x00000fc7,
0x00000fc4,0x00000fc3,0x00050051,0x00000013,
0x00000fc9,0x000010ef,0x00000000,0x0004007f,
0x00000013,0x00000fca,0x00000fc9,0x00050050,
0x00000019,0x00000fcd,0x00000fca,0x00000fc9,
0x0007000c,0x00000019,0x00000fce,0x00000001,
0x00000028,0x00000fc7,0x00000fcd,0x0007000c,
0x00000019,0x00000fcf,0x00000001,0x00000028,
0x00000fc1,0x00000fce,0x00050051,0x00000013,
0x00000fd1,0x000010df,0x00000002,0x0004007f,
0x00000013,0x00000fd2,0x00000fd1,0x00050050,
0x00000019,0x00000fd5,0x00000fd2,0x00000fd1,
0x00050051,0x00000013,0x00000fd7,0x000010f7,
0x00000003,0x0004007f,0x00000013,0x00000fd8,
0x00000fd7,0x00050050,0x00000019,0x00000fdb,
0x00000fd8,0x00000fd7,0x0007000c,0x00000019,
0x00000fdc,0x00000001,0x00000028,0x00000fd5,
0x00000fdb,0x00050051,0x00000013,0x00000fde,
0x000010df,0x00000001,0x0004007f,0x00000013,
0x00000fdf,0x00000fde,0x00050050,0x00000019,
0x00000fe2,0x00000fdf,0x00000fde,0x00050051,
0x00000013,0x00000fe4,0x000010f7,0x00000000,
0x0004007f,0x00000013,0x00000fe5,0x00000fe4,
0x00050050,0x00000019,0x00000fe8,0x00000fe5,
0x00000fe4,0x0007000c,0x00000019,0x00000fe9,
0x00000001,0x00000028,0x00000fe2,0x00000fe8,
0x0007000c,0x00000019,0x00000fea,0x00000001,
0x00000028,0x00000fdc,0x00000fe9,0x0007004f,
0x00000019,0x00000ff0,0x00000e9d,0x00000e9d,
0x00000000,0x00000000,0x00050083,0x00000019,
0x00000ff1,0x000003c0,0x00000ff0,0x0007004f,
0x00000019,0x00000ff3,0x00000e9d,0x00000e9d,
0x00000001,0x00000001,0x00050083,0x00000019,
0x00000ff4,0x000003c4,0x00000ff3,0x0007004f,
0x00000019,0x00000ffe,0x000010b7,0x000010b7,
0x00000000,0x00000001,0x0007004f,0x00000019,
0x00001000,0x000010bf,0x000010bf,0x00000000,
0x00000001,0x0007004f,0x00000019,0x00001002,
0x000010c7,0x000010c7,0x00000000,0x00000001,
0x0007004f,0x00000019,0x00001315,0x00000f6b,
0x00000f6b,0x00000000,0x00000000,0x00050085,
0x00000019,0x00001316,0x00000ff1,0x00001315,
0x0007004f,0x00000019,0x00001319,0x00000f6b,
0x00000f6b,0x00000001,0x00000001,0x00050085,
0x00000019,0x0000131a,0x00000ff4,0x00001319,
0x00050081,0x00000019,0x0000131b,0x00001316,
0x0000131a,0x0004007f,0x00000019,0x0000131f,
0x00001319,0x00050085,0x00000019,0x00001320,
0x00000ff1,0x0000131f,0x00050085,0x00000019,
0x00001324,0x00000ff4,0x00001315,0x00050081,
0x00000019,0x00001325,0x00001320,0x00001324,
0x0005008e,0x00000019,0x00001329,0x0000131b,
0x00000f8c,0x0005008e,0x00000019,0x0000132d,
0x00001325,0x00000f91,0x00050085,0x00000019,
0x00001330,0x00001329,0x00001329,0x00050085,
0x00000019,0x00001333,0x0000132d,0x0000132d,
0x00050081,0x00000019,0x00001334,0x00001330,
0x00001333,0x00050050,0x00000019,0x00001367,
0x000012f1,0x000012f1,0x0007000c,0x00000019,
0x00001338,0x00000001,0x00000025,0x00001334,
0x00001367,0x00050085,0x00000019,0x0000133b,
0x00002872,0x00001338,0x00050081,0x00000019,
0x0000133d,0x0000133b,0x000003c4,0x00050050,
0x00000019,0x00001373,0x00000f97,0x00000f97,
0x00050085,0x00000019,0x00001341,0x00001373,
0x00001338,0x00050081,0x00000019,0x00001343,
0x00001341,0x000003c4,0x00050085,0x00000019,
0x00001346,0x0000133d,0x0000133d,0x00050085,
0x00000019,0x00001349,0x00001343,0x00001343,
0x00050085,0x00000019,0x0000134c,0x00002873,
0x00001346,0x00050081,0x00000019,0x0000134e,
0x0000134c,0x00002874,0x00050085,0x00000019,
0x00001351,0x0000134e,0x00001349,0x00050085,
0x00000019,0x00001354,0x00000ffe,0x00001351,
0x00050085,0x00000019,0x00001359,0x00001000,
0x00001351,0x00050085,0x00000019,0x0000135e,
0x00001002,0x00001351,0x00050083,0x00000019,
0x0000100a,0x000003e8,0x00000ff0,0x00050083,
0x00000019,0x0000100d,0x000003ec,0x00000ff3,
0x0007004f,0x00000019,0x00001017,0x000010cf,
0x000010cf,0x00000000,0x00000001,0x0007004f,
0x00000019,0x00001019,0x000010d7,0x000010d7,
0x00000000,0x00000001,0x0007004f,0x00000019,
0x0000101b,0x000010df,0x000010df,0x00000000,
0x00000001,0x00050085,0x00000019,0x00001391,
0x0000100a,0x00001315,0x00050085,0x00000019,
0x00001395,0x0000100d,0x00001319,0x00050081,
0x00000019,0x00001396,0x00001391,0x00001395,
0x00050085,0x00000019,0x0000139b,0x0000100a,
0x0000131f,0x00050085,0x00000019,0x0000139f,
0x0000100d,0x00001315,0x00050081,0x00000019,
0x000013a0,0x0000139b,0x0000139f,0x0005008e,
0x00000019,0x000013a4,0x00001396,0x00000f8c,
0x0005008e,0x00000019,0x000013a8,0x000013a0,
0x00000f91,0x00050085,0x00000019,0x000013ab,
0x000013a4,0x000013a4,0x00050085,0x00000019,
0x000013ae,0x000013a8,0x000013a8,0x00050081,
0x00000019,0x000013af,0x000013ab,0x000013ae,
0x0007000c,0x00000019,0x000013b3,0x00000001,
0x00000025,0x000013af,0x00001367,0x00050085,
0x00000019,0x000013b6,0x00002872,0x000013b3,
0x00050081,0x00000019,0x000013b8,0x000013b6,
0x000003c4,0x00050085,0x00000019,0x000013bc,
0x00001373,0x000013b3,0x00050081,0x00000019,
0x000013be,0x000013bc,0x000003c4,0x00050085,
0x00000019,0x000013c1,0x000013b8,0x000013b8,
0x00050085,0x00000019,0x000013c4,0x000013be,
0x000013be,0x00050085,0x00000019,0x000013c7,
0x00002873,0x000013c1,0x00050081,0x00000019,
0x000013c9,0x000013c7,0x00002874,0x00050085,
0x00000019,0x000013cc,0x000013c9,0x000013c4,
0x00050085,0x00000019,0x000013cf,0x00001017,
0x000013cc,0x00050081,0x00000019,0x000013d1,
0x00001354,0x000013cf,0x00050085,0x00000019,
0x000013d4,0x00001019,0x000013cc,0x00050081,
0x00000019,0x000013d6,0x00001359,0x000013d4,
0x00050085,0x00000019,0x000013d9,0x0000101b,
0x000013cc,0x00050081,0x00000019,0x000013db,
0x0000135e,0x000013d9,0x00050081,0x00000019,
0x000013de,0x00001351,0x000013cc,0x00050083,
0x00000019,0x00001023,0x00000410,0x00000ff0,
0x0004007f,0x00000019,0x00001026,0x00000ff3,
0x0007004f,0x00000019,0x00001030,0x000010cf,
0x000010cf,0x00000002,0x00000003,0x0007004f,
0x00000019,0x00001032,0x000010d7,0x000010d7,
0x00000002,0x00000003,0x0007004f,0x00000019,
0x00001034,0x000010df,0x000010df,0x00000002,
0x00000003,0x00050085,0x00000019,0x0000140c,
0x00001023,0x00001315,0x00050085,0x00000019,
0x00001410,0x00001026,0x00001319,0x00050081,
0x00000019,0x00001411,0x0000140c,0x00001410,
0x00050085,0x00000019,0x00001416,0x00001023,
0x0000131f,0x00050085,0x00000019,0x0000141a,
0x00001026,0x00001315,0x00050081,0x00000019,
0x0000141b,0x00001416,0x0000141a,0x0005008e,
0x00000019,0x0000141f,0x00001411,0x00000f8c,
0x0005008e,0x00000019,0x00001423,0x0000141b,
0x00000f91,0x00050085,0x00000019,0x00001426,
0x0000141f,0x0000141f,0x00050085,0x00000019,
0x00001429,0x00001423,0x00001423,0x00050081,
0x00000019,0x0000142a,0x00001426,0x00001429,
0x0007000c,0x00000019,0x0000142e,0x00000001,
0x00000025,0x0000142a,0x00001367,0x00050085,
0x00000019,0x00001431,0x00002872,0x0000142e,
0x00050081,0x00000019,0x00001433,0x00001431,
0x000003c4,0x00050085,0x00000019,0x00001437,
0x00001373,0x0000142e,0x00050081,0x00000019,
0x00001439,0x00001437,0x000003c4,0x00050085,
0x00000019,0x0000143c,0x00001433,0x00001433,
0x00050085,0x00000019,0x0000143f,0x00001439,
0x00001439,0x00050085,0x00000019,0x00001442,
0x00002873,0x0000143c,0x00050081,0x00000019,
0x00001444,0x00001442,0x00002874,0x00050085,
0x00000019,0x00001447,0x00001444,0x0000143f,
0x00050085,0x00000019,0x0000144a,0x00001030,
0x00001447,0x00050081,0x00000019,0x0000144c,
0x000013d1,0x0000144a,0x00050085,0x00000019,
0x0000144f,0x00001032,0x00001447,0x00050081,
0x00000019,0x00001451,0x000013d6,0x0000144f,
0x00050085,0x00000019,0x00001454,0x00001034,
0x00001447,0x00050081,0x00000019,0x00001456,
0x000013db,0x00001454,0x00050081,0x00000019,
0x00001459,0x000013de,0x00001447,0x00050083,
0x00000019,0x0000103c,0x00000439,0x00000ff0,
0x0007004f,0x00000019,0x00001049,0x000010e7,
0x000010e7,0x00000000,0x00000001,0x0007004f,
0x00000019,0x0000104b,0x000010ef,0x000010ef,
0x00000000,0x00000001,0x0007004f,0x00000019,
0x0000104d,0x000010f7,0x000010f7,0x00000000,
0x00000001,0x00050085,0x00000019,0x00001487,
0x0000103c,0x00001315,0x00050081,0x00000019,
0x0000148c,0x00001487,0x00001395,0x00050085,
0x00000019,0x00001491,0x0000103c,0x0000131f,
0x00050081,0x00000019,0x00001496,0x00001491,
0x0000139f,0x0005008e,0x00000019,0x0000149a,
0x0000148c,0x00000f8c,0x0005008e,0x00000019,
0x0000149e,0x00001496,0x00000f91,0x00050085,
0x00000019,0x000014a1,0x0000149a,0x0000149a,
0x00050085,0x00000019,0x000014a4,0x0000149e,
0x0000149e,0x00050081,0x00000019,0x000014a5,
0x000014a1,0x000014a4,0x0007000c,0x00000019,
0x000014a9,0x00000001,0x00000025,0x000014a5,
0x00001367,0x00050085,0x00000019,0x000014ac,
0x00002872,0x000014a9,0x00050081,0x00000019,
0x000014ae,0x000014ac,0x000003c4,0x00050085,
0x00000019,0x000014b2,0x00001373,0x000014a9,
0x00050081,0x00000019,0x000014b4,0x000014b2,
0x000003c4,0x00050085,0x00000019,0x000014b7,
0x000014ae,0x000014ae,0x00050085,0x00000019,
0x000014ba,0x000014b4,0x000014b4,0x00050085,
0x00000019,0x000014bd,0x00002873,0x000014b7,
0x00050081,0x00000019,0x000014bf,0x000014bd,
0x00002874,0x00050085,0x00000019,0x000014c2,
0x000014bf,0x000014ba,0x00050085,0x00000019,
0x000014c5,0x00001049,0x000014c2,0x00050081,
0x00000019,0x000014c7,0x0000144c,0x000014c5,
0x00050085,0x00000019,0x000014ca,0x0000104b,
0x000014c2,0x00050081,0x00000019,0x000014cc,
0x00001451,0x000014ca,0x00050085,0x00000019,
0x000014cf,0x0000104d,0x000014c2,0x00050081,
0x00000019,0x000014d1,0x00001456,0x000014cf,
0x00050081,0x00000019,0x000014d4,0x00001459,
0x000014c2,0x00050083,0x00000019,0x00001055,
0x00000460,0x00000ff0,0x0007004f,0x00000019,
0x00001062,0x000010e7,0x000010e7,0x00000002,
0x00000003,0x0007004f,0x00000019,0x00001064,
0x000010ef,0x000010ef,0x00000002,0x00000003,
0x0007004f,0x00000019,0x00001066,0x000010f7,
0x000010f7,0x00000002,0x00000003,0x00050085,
0x00000019,0x00001502,0x00001055,0x00001315,
0x00050081,0x00000019,0x00001507,0x00001502,
0x00001410,0x00050085,0x00000019,0x0000150c,
0x00001055,0x0000131f,0x00050081,0x00000019,
0x00001511,0x0000150c,0x0000141a,0x0005008e,
0x00000019,0x00001515,0x00001507,0x00000f8c,
0x0005008e,0x00000019,0x00001519,0x00001511,
0x00000f91,0x00050085,0x00000019,0x0000151c,
0x00001515,0x00001515,0x00050085,0x00000019,
0x0000151f,0x00001519,0x00001519,0x00050081,
0x00000019,0x00001520,0x0000151c,0x0000151f,
0x0007000c,0x00000019,0x00001524,0x00000001,
0x00000025,0x00001520,0x00001367,0x00050085,
0x00000019,0x00001527,0x00002872,0x00001524,
0x00050081,0x00000019,0x00001529,0x00001527,
0x000003c4,0x00050085,0x00000019,0x0000152d,
0x00001373,0x00001524,0x00050081,0x00000019,
0x0000152f,0x0000152d,0x000003c4,0x00050085,
0x00000019,0x00001532,0x00001529,0x00001529,
0x00050085,0x00000019,0x00001535,0x0000152f,
0x0000152f,0x00050085,0x00000019,0x00001538,
0x00002873,0x00001532,0x00050081,0x00000019,
0x0000153a,0x00001538,0x00002874,0x00050085,
0x00000019,0x0000153d,0x0000153a,0x00001535,
0x00050085,0x00000019,0x00001540,0x00001062,
0x0000153d,0x00050081,0x00000019,0x00001542,
0x000014c7,0x00001540,0x00050085,0x00000019,
0x00001545,0x00001064,0x0000153d,0x00050081,
0x00000019,0x00001547,0x000014cc,0x00001545,
0x00050085,0x00000019,0x0000154a,0x00001066,
0x0000153d,0x00050081,0x00000019,0x0000154c,
0x000014d1,0x0000154a,0x00050081,0x00000019,
0x0000154f,0x000014d4,0x0000153d,0x00050083,
0x00000019,0x0000106e,0x00000170,0x00000ff0,
0x00050083,0x00000019,0x00001071,0x0000048a,
0x00000ff3,0x0007004f,0x00000019,0x0000107b,
0x000010ff,0x000010ff,0x00000002,0x00000003,
0x0007004f,0x00000019,0x0000107d,0x00001107,
0x00001107,0x00000002,0x00000003,0x0007004f,
0x00000019,0x0000107f,0x0000110f,0x0000110f,
0x00000002,0x00000003,0x00050085,0x00000019,
0x0000157d,0x0000106e,0x00001315,0x00050085,
0x00000019,0x00001581,0x00001071,0x00001319,
0x00050081,0x00000019,0x00001582,0x0000157d,
0x00001581,0x00050085,0x00000019,0x00001587,
0x0000106e,0x0000131f,0x00050085,0x00000019,
0x0000158b,0x00001071,0x00001315,0x00050081,
0x00000019,0x0000158c,0x00001587,0x0000158b,
0x0005008e,0x00000019,0x00001590,0x00001582,
0x00000f8c,0x0005008e,0x00000019,0x00001594,
0x0000158c,0x00000f91,0x00050085,0x00000019,
0x00001597,0x00001590,0x00001590,0x00050085,
0x00000019,0x0000159a,0x00001594,0x00001594,
0x00050081,0x00000019,0x0000159b,0x00001597,
0x0000159a,0x0007000c,0x00000019,0x0000159f,
0x00000001,0x00000025,0x0000159b,0x00001367,
0x00050085,0x00000019,0x000015a2,0x00002872,
0x0000159f,0x00050081,0x00000019,0x000015a4,
0x000015a2,0x000003c4,0x00050085,0x00000019,
0x000015a8,0x00001373,0x0000159f,0x00050081,
0x00000019,0x000015aa,0x000015a8,0x000003c4,
0x00050085,0x00000019,0x000015ad,0x000015a4,
0x000015a4,0x00050085,0x00000019,0x000015b0,
0x000015aa,0x000015aa,0x00050085,0x00000019,
0x000015b3,0x00002873,0x000015ad,0x00050081,
0x00000019,0x000015b5,0x000015b3,0x00002874,
0x00050085,0x00000019,0x000015b8,0x000015b5,
0x000015b0,0x00050085,0x00000019,0x000015bb,
0x0000107b,0x000015b8,0x00050081,0x00000019,
0x000015bd,0x00001542,0x000015bb,0x00050085,
0x00000019,0x000015c0,0x0000107d,0x000015b8,
0x00050081,0x00000019,0x000015c2,0x00001547,
0x000015c0,0x00050085,0x00000019,0x000015c5,
0x0000107f,0x000015b8,0x00050081,0x00000019,
0x000015c7,0x0000154c,0x000015c5,0x00050081,
0x00000019,0x000015ca,0x0000154f,0x000015b8,
0x00050051,0x00000013,0x00001086,0x000015bd,
0x00000000,0x00050051,0x00000013,0x00001088,
0x000015bd,0x00000001,0x00050081,0x00000013,
0x00001089,0x00001086,0x00001088,0x00050051,
0x00000013,0x0000108b,0x000015c2,0x00000000,
0x00050051,0x00000013,0x0000108d,0x000015c2,
0x00000001,0x00050081,0x00000013,0x0000108e,
0x0000108b,0x0000108d,0x00050051,0x00000013,
0x00001090,0x000015c7,0x00000000,0x00050051,
0x00000013,0x00001092,0x000015c7,0x00000001,
0x00050081,0x00000013,0x00001093,0x00001090,
0x00001092,0x00060050,0x0000001e,0x00001094,
0x00001089,0x0000108e,0x00001093,0x00050051,
0x00000013,0x00001096,0x000015ca,0x00000000,
0x00050051,0x00000013,0x00001098,0x000015ca,
0x00000001,0x00050081,0x00000013,0x00001099,
0x00001096,0x00001098,0x00050051,0x00000013,
0x0000109b,0x00000fb4,0x00000001,0x00050051,
0x00000013,0x0000109d,0x00000fcf,0x00000001,
0x00050051,0x00000013,0x0000109f,0x00000fea,
0x00000001,0x00060050,0x0000001e,0x000010a0,
0x0000109b,0x0000109d,0x0000109f,0x00050051,
0x00000013,0x000010a2,0x00000fb4,0x00000000,
0x00050051,0x00000013,0x000010a4,0x00000fcf,
0x00000000,0x00050051,0x00000013,0x000010a6,
0x00000fea,0x00000000,0x00060050,0x0000001e,
0x000010a7,0x000010a2,0x000010a4,0x000010a6,
0x0004007f,0x0000001e,0x000010a8,0x000010a7,
0x00050088,0x00000013,0x000015ec,0x000000a5,
0x00001099,0x00060050,0x0000001e,0x000015f3,
0x000015ec,0x000015ec,0x000015ec,0x00050085,
0x0000001e,0x000010ad,0x00001094,0x000015f3,
0x0007000c,0x0000001e,0x000010ae,0x00000001,
0x00000028,0x000010a8,0x000010ad,0x0007000c,
0x0000001e,0x000010af,0x00000001,0x00000025,
0x000010a0,0x000010ae,0x0004003d,0x000004f4,
0x00000dba,0x000004f6,0x0004007c,0x000004f9,
0x00000dbc,0x000026eb,0x00040073,0x000004fc,
0x00000dbe,0x000010af,0x00050051,0x00000044,
0x00000dbf,0x00000dbe,0x00000000,0x00050051,
0x00000044,0x00000dc0,0x00000dbe,0x00000001,
0x00050051,0x00000044,0x00000dc1,0x00000dbe,
0x00000002,0x00070050,0x000000f0,0x00000dc2,
0x00000dbf,0x00000dc0,0x00000dc1,0x000004fe,
0x00040063,0x00000dba,0x00000dbc,0x00000dc2,
0x00050051,0x00000006,0x00000522,0x00000515,
0x00000001,0x00050080,0x00000006,0x00000523,
0x00000522,0x00000519,0x00050050,0x0000003f,
0x00002875,0x0000051c,0x00000523,0x00040070,
0x00000045,0x000016db,0x00002875,0x00050085,
0x00000045,0x000016df,0x000016db,0x00000644,
0x00050081,0x00000045,0x000016e3,0x000016df,
0x00000648,0x0006000c,0x00000045,0x000016e5,
0x00000001,0x00000008,0x000016e3,0x00050083,
0x00000045,0x000016e8,0x000016e3,0x000016e5,
0x00040073,0x00000019,0x000016ea,0x000016e8,
0x00050085,0x00000045,0x000016ef,0x000016e5,
0x00000654,0x00050081,0x00000045,0x000016f3,
0x000016ef,0x00000658,0x00050081,0x00000045,
0x000016f8,0x000016f3,0x0000065d,0x00050081,
0x00000045,0x000016fd,0x000016f3,0x00000662,
0x00050081,0x00000045,0x00001702,0x000016f3,
0x00000667,0x0004003d,0x000000e5,0x000018ff,
0x000000e7,0x0004003d,0x000000e9,0x00001900,
0x000000eb,0x00050056,0x000000ed,0x00001901,
0x000018ff,0x00001900,0x00060060,0x000000f0,
0x00001903,0x00001901,0x000016f3,0x0000008d,
0x00040073,0x00000023,0x00001904,0x00001903,
0x0004003d,0x000000e5,0x00001907,0x000000e7,
0x0004003d,0x000000e9,0x00001908,0x000000eb,
0x00050056,0x000000ed,0x00001909,0x00001907,
0x00001908,0x00060060,0x000000f0,0x0000190b,
0x00001909,0x000016f3,0x000000f9,0x00040073,
0x00000023,0x0000190c,0x0000190b,0x0004003d,
0x000000e5,0x0000190f,0x000000e7,0x0004003d,
0x000000e9,0x00001910,0x000000eb,0x00050056,
0x000000ed,0x00001911,0x0000190f,0x00001910,
0x00060060,0x000000f0,0x00001913,0x00001911,
0x000016f3,0x00000102,0x00040073,0x00000023,
0x00001914,0x00001913,0x0004003d,0x000000e5,
0x00001917,0x000000e7,0x0004003d,0x000000e9,
0x00001918,0x000000eb,0x00050056,0x000000ed,
0x00001919,0x00001917,0x00001918,0x00060060,
0x000000f0,0x0000191b,0x00001919,0x000016f8,
0x0000008d,0x00040073,0x00000023,0x0000191c,
0x0000191b,0x0004003d,0x000000e5,0x0000191f,
0x000000e7,0x0004003d,0x000000e9,0x00001920,
0x000000eb,0x00050056,0x000000ed,0x00001921,
0x0000191f,0x00001920,0x00060060,0x000000f0,
0x00001923,0x00001921,0x000016f8,0x000000f9,
0x00040073,0x00000023,0x00001924,0x00001923,
0x0004003d,0x000000e5,0x00001927,0x000000e7,
0x0004003d,0x000000e9,0x00001928,0x000000eb,
0x00050056,0x000000ed,0x00001929,0x00001927,
0x00001928,0x00060060,0x000000f0,0x0000192b,
0x00001929,0x000016f8,0x00000102,0x00040073,
0x00000023,0x0000192c,0x0000192b,0x0004003d,
0x000000e5,0x0000192f,0x000000e7,0x0004003d,
0x000000e9,0x00001930,0x000000eb,0x00050056,
0x000000ed,0x00001931,0x0000192f,0x00001930,
0x00060060,0x000000f0,0x00001933,0x00001931,
0x000016fd,0x0000008d,0x00040073,0x00000023,
0x00001934,0x00001933,0x0004003d,0x000000e5,
0x00001937,0x000000e7,0x0004003d,0x000000e9,
0x00001938,0x000000eb,0x00050056,0x000000ed,
0x00001939,0x00001937,0x00001938,0x00060060,
0x000000f0,0x0000193b,0x00001939,0x000016fd,
0x000000f9,0x00040073,0x00000023,0x0000193c,
0x0000193b,0x0004003d,0x000000e5,0x0000193f,
0x000000e7,0x0004003d,0x000000e9,0x00001940,
0x000000eb,0x00050056,0x000000ed,0x00001941,
0x0000193f,0x00001940,0x00060060,0x000000f0,
0x00001943,0x00001941,0x000016fd,0x00000102,
0x00040073,0x00000023,0x00001944,0x00001943,
0x0004003d,0x000000e5,0x00001947,0x000000e7,
0x0004003d,0x000000e9,0x00001948,0x000000eb,
0x00050056,0x000000ed,0x00001949,0x00001947,
0x00001948,0x00060060,0x000000f0,0x0000194b,
0x00001949,0x00001702,0x0000008d,0x00040073,
0x00000023,0x0000194c,0x0000194b,0x0004003d,
0x000000e5,0x0000194f,0x000000e7,0x0004003d,
0x000000e9,0x00001950,0x000000eb,0x00050056,
0x000000ed,0x00001951,0x0000194f,0x00001950,
0x00060060,0x000000f0,0x00001953,0x00001951,
0x00001702,0x000000f9,0x00040073,0x00000023,
0x00001954,0x00001953,0x0004003d,0x000000e5,
0x00001957,0x000000e7,0x0004003d,0x000000e9,
0x00001958,0x000000eb,0x00050056,0x000000ed,
0x00001959,0x00001957,0x00001958,0x00060060,
0x000000f0,0x0000195b,0x00001959,0x00001702,
0x00000102,0x00040073,0x00000023,0x0000195c,
0x0000195b,0x00050085,0x00000023,0x0000171d,
0x00001914,0x00002871,0x00050085,0x00000023,
0x00001720,0x00001904,0x00002871,0x00050081,
0x00000023,0x00001722,0x00001720,0x0000190c,
0x00050081,0x00000023,0x00001723,0x0000171d,
0x00001722,0x00050085,0x00000023,0x00001726,
0x0000192c,0x00002871,0x00050085,0x00000023,
0x00001729,0x0000191c,0x00002871,0x00050081,
0x00000023,0x0000172b,0x00001729,0x00001924,
0x00050081,0x00000023,0x0000172c,0x00001726,
0x0000172b,0x00050085,0x00000023,0x0000172f,
0x00001944,0x00002871,0x00050085,0x00000023,
0x00001732,0x00001934,0x00002871,0x00050081,
0x00000023,0x00001734,0x00001732,0x0000193c,
0x00050081,0x00000023,0x00001735,0x0000172f,
0x00001734,0x00050085,0x00000023,0x00001738,
0x0000195c,0x00002871,0x00050085,0x00000023,
0x0000173b,0x0000194c,0x00002871,0x00050081,
0x00000023,0x0000173d,0x0000173b,0x00001954,
0x00050081,0x00000023,0x0000173e,0x00001738,
0x0000173d,0x00050051,0x00000013,0x00001740,
0x00001723,0x00000000,0x00050051,0x00000013,
0x00001742,0x00001723,0x00000001,0x00050051,
0x00000013,0x00001744,0x0000172c,0x00000000,
0x00050051,0x00000013,0x00001746,0x0000172c,
0x00000001,0x00050051,0x00000013,0x00001748,
0x0000172c,0x00000002,0x00050051,0x00000013,
0x0000174a,0x0000172c,0x00000003,0x00050051,
0x00000013,0x0000174c,0x00001735,0x00000000,
0x00050051,0x00000013,0x0000174e,0x00001735,
0x00000001,0x00050051,0x00000013,0x00001750,
0x00001735,0x00000002,0x00050051,0x00000013,
0x00001752,0x00001735,0x00000003,0x00050051,
0x00000013,0x00001754,0x0000173e,0x00000002,
0x00050051,0x00000013,0x00001756,0x0000173e,
0x00000003,0x00050050,0x00000019,0x0000175c,
0x00001740,0x00001742,0x00050050,0x00000019,
0x0000175f,0x0000174a,0x00001748,0x00050050,
0x00000019,0x00001762,0x00001748,0x00001752,
0x00050050,0x00000019,0x00001765,0x00001752,
0x00001750,0x00050050,0x00000019,0x00001768,
0x00001746,0x0000174c,0x00050051,0x00000013,
0x0000199f,0x000016ea,0x00000000,0x0004007f,
0x00000013,0x000019a0,0x0000199f,0x00050050,
0x00000019,0x000019a3,0x000019a0,0x0000199f,
0x00050081,0x00000019,0x000019a4,0x00000170,
0x000019a3,0x00050051,0x00000013,0x000019a7,
0x000016ea,0x00000001,0x00050083,0x00000013,
0x000019a8,0x000000a5,0x000019a7,0x00050050,
0x00000019,0x00001a08,0x000019a8,0x000019a8,
0x00050085,0x00000019,0x000019aa,0x000019a4,
0x00001a08,0x00050083,0x00000019,0x000019bc,
0x00001765,0x00001762,0x00050083,0x00000019,
0x000019bf,0x00001762,0x0000175f,0x0006000c,
0x00000019,0x000019c1,0x00000001,0x00000004,
0x000019bc,0x0006000c,0x00000019,0x000019c3,
0x00000001,0x00000004,0x000019bf,0x0007000c,
0x00000019,0x000019c4,0x00000001,0x00000028,
0x000019c1,0x000019c3,0x00050088,0x00000019,
0x00001a12,0x000003ec,0x000019c4,0x00050083,
0x00000019,0x000019c9,0x00001765,0x0000175f,
0x00050085,0x00000019,0x000019cc,0x000019c9,
0x000019aa,0x0006000c,0x00000019,0x000019d0,
0x00000001,0x00000004,0x000019c9,0x00050085,
0x00000019,0x000019d2,0x000019d0,0x00001a12,
0x0008000c,0x00000019,0x00001a1e,0x00000001,
0x0000002b,0x000019d2,0x00000414,0x000003ec,
0x00050085,0x00000019,0x000019d6,0x00001a1e,
0x00001a1e,0x00050083,0x00000019,0x000019de,
0x00001768,0x00001762,0x00050083,0x00000019,
0x000019e1,0x00001762,0x0000175c,0x0006000c,
0x00000019,0x000019e3,0x00000001,0x00000004,
0x000019de,0x0006000c,0x00000019,0x000019e5,
0x00000001,0x00000004,0x000019e1,0x0007000c,
0x00000019,0x000019e6,0x00000001,0x00000028,
0x000019e3,0x000019e5,0x00050088,0x00000019,
0x00001a2c,0x000003ec,0x000019e6,0x00050083,
0x00000019,0x000019eb,0x00001768,0x0000175c,
0x00050085,0x00000019,0x000019ee,0x000019eb,
0x000019aa,0x0006000c,0x00000019,0x000019f2,
0x00000001,0x00000004,0x000019eb,0x00050085,
0x00000019,0x000019f4,0x000019f2,0x00001a2c,
0x0008000c,0x00000019,0x00001a38,0x00000001,
0x0000002b,0x000019f4,0x00000414,0x000003ec,
0x00050085,0x00000019,0x000019f8,0x00001a38,
0x00001a38,0x00050081,0x00000019,0x00002878,
0x000019d6,0x000019f8,0x00050085,0x00000019,
0x000019fd,0x000019aa,0x00002878,0x00050050,
0x00000019,0x00001776,0x00001744,0x00001746,
0x00050050,0x00000019,0x0000177c,0x0000174c,
0x0000174e,0x00050050,0x00000019,0x0000177f,
0x00001756,0x00001754,0x00050050,0x00000019,
0x00001ac4,0x000019a7,0x000019a7,0x00050085,
0x00000019,0x00001a70,0x000019a4,0x00001ac4,
0x00050083,0x00000019,0x00001a74,0x0000177c,
0x00001768,0x00050083,0x00000019,0x00001a77,
0x00001768,0x00001776,0x0006000c,0x00000019,
0x00001a79,0x00000001,0x00000004,0x00001a74,
0x0006000c,0x00000019,0x00001a7b,0x00000001,
0x00000004,0x00001a77,0x0007000c,0x00000019,
0x00001a7c,0x00000001,0x00000028,0x00001a79,
0x00001a7b,0x00050088,0x00000019,0x00001aca,
0x000003ec,0x00001a7c,0x00050083,0x00000019,
0x00001a81,0x0000177c,0x00001776,0x00050085,
0x00000019,0x00001a84,0x00001a81,0x00001a70,
0x00050081,0x00000019,0x00001a86,0x000019cc,
0x00001a84,0x0006000c,0x00000019,0x00001a88,
0x00000001,0x00000004,0x00001a81,0x00050085,
0x00000019,0x00001a8a,0x00001a88,0x00001aca,
0x0008000c,0x00000019,0x00001ad6,0x00000001,
0x0000002b,0x00001a8a,0x00000414,0x000003ec,
0x00050085,0x00000019,0x00001a8e,0x00001ad6,
0x00001ad6,0x00050085,0x00000019,0x00001a91,
0x00001a8e,0x00001a70,0x00050081,0x00000019,
0x00001a93,0x000019fd,0x00001a91,0x00050083,
0x00000019,0x00001a96,0x0000177f,0x00001768,
0x0006000c,0x00000019,0x00001a9b,0x00000001,
0x00000004,0x00001a96,0x0007000c,0x00000019,
0x00001a9e,0x00000001,0x00000028,0x00001a9b,
0x000019e3,0x00050088,0x00000019,0x00001ae4,
0x000003ec,0x00001a9e,0x00050083,0x00000019,
0x00001aa3,0x0000177f,0x00001762,0x00050085,
0x00000019,0x00001aa6,0x00001aa3,0x00001a70,
0x00050081,0x00000019,0x00001aa8,0x000019ee,
0x00001aa6,0x0006000c,0x00000019,0x00001aaa,
0x00000001,0x00000004,0x00001aa3,0x00050085,
0x00000019,0x00001aac,0x00001aaa,0x00001ae4,
0x0008000c,0x00000019,0x00001af0,0x00000001,
0x0000002b,0x00001aac,0x00000414,0x000003ec,
0x00050085,0x00000019,0x00001ab0,0x00001af0,
0x00001af0,0x00050085,0x00000019,0x00001ab3,
0x00001ab0,0x00001a70,0x00050081,0x00000019,
0x00001ab5,0x00001a93,0x00001ab3,0x00050051,
0x00000013,0x00001789,0x00001a86,0x00000000,
0x00050051,0x00000013,0x0000178b,0x00001a86,
0x00000001,0x00050081,0x00000013,0x0000178c,
0x00001789,0x0000178b,0x00050051,0x00000013,
0x0000178e,0x00001aa8,0x00000000,0x00050051,
0x00000013,0x00001790,0x00001aa8,0x00000001,
0x00050081,0x00000013,0x00001791,0x0000178e,
0x00001790,0x00050050,0x00000019,0x00001792,
0x0000178c,0x00001791,0x00050051,0x00000013,
0x00001794,0x00001ab5,0x00000000,0x00050051,
0x00000013,0x00001796,0x00001ab5,0x00000001,
0x00050081,0x00000013,0x00001797,0x00001794,
0x00001796,0x00050085,0x00000019,0x0000179a,
0x00001792,0x00001792,0x00050051,0x00000013,
0x0000179c,0x0000179a,0x00000000,0x00050051,
0x00000013,0x0000179e,0x0000179a,0x00000001,
0x00050081,0x00000013,0x0000179f,0x0000179c,
0x0000179e,0x000500b8,0x00000061,0x000017a2,
0x0000179f,0x00000303,0x0004007c,0x00000028,
0x00001b02,0x0000179f,0x000500c2,0x00000028,
0x00001b04,0x00001b02,0x000000c9,0x00050082,
0x00000028,0x00001b05,0x000000c4,0x00001b04,
0x0004007c,0x00000013,0x00001b06,0x00001b05,
0x000600a9,0x00000013,0x0000287e,0x000017a2,
0x000000a5,0x00001b06,0x000600a9,0x00000013,
0x0000287f,0x000017a2,0x000000a5,0x0000178c,
0x00060052,0x00000019,0x0000276c,0x0000287f,
0x00001792,0x00000000,0x00050050,0x00000019,
0x00001b16,0x0000287e,0x0000287e,0x00050085,
0x00000019,0x000017b8,0x0000276c,0x00001b16,
0x00050085,0x00000013,0x000017bb,0x00001797,
0x00000242,0x00050085,0x00000013,0x000017be,
0x000017bb,0x000017bb,0x00050051,0x00000013,
0x000017c0,0x000017b8,0x00000000,0x00050085,
0x00000013,0x000017c3,0x000017c0,0x000017c0,
0x00050051,0x00000013,0x000017c5,0x000017b8,
0x00000001,0x00050085,0x00000013,0x000017c8,
0x000017c5,0x000017c5,0x00050081,0x00000013,
0x000017c9,0x000017c3,0x000017c8,0x0006000c,
0x00000013,0x000017cc,0x00000001,0x00000004,
0x000017c0,0x0006000c,0x00000013,0x000017cf,
0x00000001,0x00000004,0x000017c5,0x0007000c,
0x00000013,0x000017d0,0x00000001,0x00000028,
0x000017cc,0x000017cf,0x0004007c,0x00000028,
0x00001b1f,0x000017d0,0x00050082,0x00000028,
0x00001b20,0x000000bb,0x00001b1f,0x0004007c,
0x00000013,0x00001b21,0x00001b20,0x00050085,
0x00000013,0x000017d2,0x000017c9,0x00001b21,
0x00050083,0x00000013,0x000017d6,0x000017d2,
0x000000a5,0x00050085,0x00000013,0x000017d8,
0x000017d6,0x000017be,0x00050081,0x00000013,
0x000017d9,0x000000a5,0x000017d8,0x00050085,
0x00000013,0x000017dd,0x0000034c,0x000017be,
0x00050081,0x00000013,0x000017de,0x000000a5,
0x000017dd,0x00050085,0x00000013,0x000017e3,
0x00000356,0x000017be,0x00050081,0x00000013,
0x000017e4,0x00000242,0x000017e3,0x0004007c,
0x00000028,0x00001b3c,0x000017e4,0x00050082,
0x00000028,0x00001b3d,0x000000bb,0x00001b3c,
0x0004007c,0x00000013,0x00001b3e,0x00001b3d,
0x00050051,0x00000013,0x000017e8,0x0000191c,
0x00000002,0x0004007f,0x00000013,0x000017e9,
0x000017e8,0x00050050,0x00000019,0x000017ec,
0x000017e9,0x000017e8,0x00050051,0x00000013,
0x000017ee,0x00001934,0x00000003,0x0004007f,
0x00000013,0x000017ef,0x000017ee,0x00050050,
0x00000019,0x000017f2,0x000017ef,0x000017ee,
0x0007000c,0x00000019,0x000017f3,0x00000001,
0x00000028,0x000017ec,0x000017f2,0x00050051,
0x00000013,0x000017f5,0x0000191c,0x00000001,
0x0004007f,0x00000013,0x000017f6,0x000017f5,
0x00050050,0x00000019,0x000017f9,0x000017f6,
0x000017f5,0x00050051,0x00000013,0x000017fb,
0x00001934,0x00000000,0x0004007f,0x00000013,
0x000017fc,0x000017fb,0x00050050,0x00000019,
0x000017ff,0x000017fc,0x000017fb,0x0007000c,
0x00000019,0x00001800,0x00000001,0x00000028,
0x000017f9,0x000017ff,0x0007000c,0x00000019,
0x00001801,0x00000001,0x00000028,0x000017f3,
0x00001800,0x00050051,0x00000013,0x00001803,
0x00001924,0x00000002,0x0004007f,0x00000013,
0x00001804,0x00001803,0x00050050,0x00000019,
0x00001807,0x00001804,0x00001803,0x00050051,
0x00000013,0x00001809,0x0000193c,0x00000003,
0x0004007f,0x00000013,0x0000180a,0x00001809,
0x00050050,0x00000019,0x0000180d,0x0000180a,
0x00001809,0x0007000c,0x00000019,0x0000180e,
0x00000001,0x00000028,0x00001807,0x0000180d,
0x00050051,0x00000013,0x00001810,0x00001924,
0x00000001,0x0004007f,0x00000013,0x00001811,
0x00001810,0x00050050,0x00000019,0x00001814,
0x00001811,0x00001810,0x00050051,0x00000013,
0x00001816,0x0000193c,0x00000000,0x0004007f,
0x00000013,0x00001817,0x00001816,0x00050050,
0x00000019,0x0000181a,0x00001817,0x00001816,
0x0007000c,0x00000019,0x0000181b,0x00000001,
0x00000028,0x00001814,0x0000181a,0x0007000c,
0x00000019,0x0000181c,0x00000001,0x00000028,
0x0000180e,0x0000181b,0x00050051,0x00000013,
0x0000181e,0x0000192c,0x00000002,0x0004007f,
0x00000013,0x0000181f,0x0000181e,0x00050050,
0x00000019,0x00001822,0x0000181f,0x0000181e,
0x00050051,0x00000013,0x00001824,0x00001944,
0x00000003,0x0004007f,0x00000013,0x00001825,
0x00001824,0x00050050,0x00000019,0x00001828,
0x00001825,0x00001824,0x0007000c,0x00000019,
0x00001829,0x00000001,0x00000028,0x00001822,
0x00001828,0x00050051,0x00000013,0x0000182b,
0x0000192c,0x00000001,0x0004007f,0x00000013,
0x0000182c,0x0000182b,0x00050050,0x00000019,
0x0000182f,0x0000182c,0x0000182b,0x00050051,
0x00000013,0x00001831,0x00001944,0x00000000,
0x0004007f,0x00000013,0x00001832,0x00001831,
0x00050050,0x00000019,0x00001835,0x00001832,
0x00001831,0x0007000c,0x00000019,0x00001836,
0x00000001,0x00000028,0x0000182f,0x00001835,
0x0007000c,0x00000019,0x00001837,0x00000001,
0x00000028,0x00001829,0x00001836,0x0007004f,
0x00000019,0x0000183d,0x000016ea,0x000016ea,
0x00000000,0x00000000,0x00050083,0x00000019,
0x0000183e,0x000003c0,0x0000183d,0x0007004f,
0x00000019,0x00001840,0x000016ea,0x000016ea,
0x00000001,0x00000001,0x00050083,0x00000019,
0x00001841,0x000003c4,0x00001840,0x0007004f,
0x00000019,0x0000184b,0x00001904,0x00001904,
0x00000000,0x00000001,0x0007004f,0x00000019,
0x0000184d,0x0000190c,0x0000190c,0x00000000,
0x00000001,0x0007004f,0x00000019,0x0000184f,
0x00001914,0x00001914,0x00000000,0x00000001,
0x0007004f,0x00000019,0x00001b62,0x000017b8,
0x000017b8,0x00000000,0x00000000,0x00050085,
0x00000019,0x00001b63,0x0000183e,0x00001b62,
0x0007004f,0x00000019,0x00001b66,0x000017b8,
0x000017b8,0x00000001,0x00000001,0x00050085,
0x00000019,0x00001b67,0x00001841,0x00001b66,
0x00050081,0x00000019,0x00001b68,0x00001b63,
0x00001b67,0x0004007f,0x00000019,0x00001b6c,
0x00001b66,0x00050085,0x00000019,0x00001b6d,
0x0000183e,0x00001b6c,0x00050085,0x00000019,
0x00001b71,0x00001841,0x00001b62,0x00050081,
0x00000019,0x00001b72,0x00001b6d,0x00001b71,
0x0005008e,0x00000019,0x00001b76,0x00001b68,
0x000017d9,0x0005008e,0x00000019,0x00001b7a,
0x00001b72,0x000017de,0x00050085,0x00000019,
0x00001b7d,0x00001b76,0x00001b76,0x00050085,
0x00000019,0x00001b80,0x00001b7a,0x00001b7a,
0x00050081,0x00000019,0x00001b81,0x00001b7d,
0x00001b80,0x00050050,0x00000019,0x00001bb4,
0x00001b3e,0x00001b3e,0x0007000c,0x00000019,
0x00001b85,0x00000001,0x00000025,0x00001b81,
0x00001bb4,0x00050085,0x00000019,0x00001b88,
0x00002872,0x00001b85,0x00050081,0x00000019,
0x00001b8a,0x00001b88,0x000003c4,0x00050050,
0x00000019,0x00001bc0,0x000017e4,0x000017e4,
0x00050085,0x00000019,0x00001b8e,0x00001bc0,
0x00001b85,0x00050081,0x00000019,0x00001b90,
0x00001b8e,0x000003c4,0x00050085,0x00000019,
0x00001b93,0x00001b8a,0x00001b8a,0x00050085,
0x00000019,0x00001b96,0x00001b90,0x00001b90,
0x00050085,0x00000019,0x00001b99,0x00002873,
0x00001b93,0x00050081,0x00000019,0x00001b9b,
0x00001b99,0x00002874,0x00050085,0x00000019,
0x00001b9e,0x00001b9b,0x00001b96,0x00050085,
0x00000019,0x00001ba1,0x0000184b,0x00001b9e,
0x00050085,0x00000019,0x00001ba6,0x0000184d,
0x00001b9e,0x00050085,0x00000019,0x00001bab,
0x0000184f,0x00001b9e,0x00050083,0x00000019,
0x00001857,0x000003e8,0x0000183d,0x00050083,
0x00000019,0x0000185a,0x000003ec,0x00001840,
0x0007004f,0x00000019,0x00001864,0x0000191c,
0x0000191c,0x00000000,0x00000001,0x0007004f,
0x00000019,0x00001866,0x00001924,0x00001924,
0x00000000,0x00000001,0x0007004f,0x00000019,
0x00001868,0x0000192c,0x0000192c,0x00000000,
0x00000001,0x00050085,0x00000019,0x00001bde,
0x00001857,0x00001b62,0x00050085,0x00000019,
0x00001be2,0x0000185a,0x00001b66,0x00050081,
0x00000019,0x00001be3,0x00001bde,0x00001be2,
0x00050085,0x00000019,0x00001be8,0x00001857,
0x00001b6c,0x00050085,0x00000019,0x00001bec,
0x0000185a,0x00001b62,0x00050081,0x00000019,
0x00001bed,0x00001be8,0x00001bec,0x0005008e,
0x00000019,0x00001bf1,0x00001be3,0x000017d9,
0x0005008e,0x00000019,0x00001bf5,0x00001bed,
0x000017de,0x00050085,0x00000019,0x00001bf8,
0x00001bf1,0x00001bf1,0x00050085,0x00000019,
0x00001bfb,0x00001bf5,0x00001bf5,0x00050081,
0x00000019,0x00001bfc,0x00001bf8,0x00001bfb,
0x0007000c,0x00000019,0x00001c00,0x00000001,
0x00000025,0x00001bfc,0x00001bb4,0x00050085,
0x00000019,0x00001c03,0x00002872,0x00001c00,
0x00050081,0x00000019,0x00001c05,0x00001c03,
0x000003c4,0x00050085,0x00000019,0x00001c09,
0x00001bc0,0x00001c00,0x00050081,0x00000019,
0x00001c0b,0x00001c09,0x000003c4,0x00050085,
0x00000019,0x00001c0e,0x00001c05,0x00001c05,
0x00050085,0x00000019,0x00001c11,0x00001c0b,
0x00001c0b,0x00050085,0x00000019,0x00001c14,
0x00002873,0x00001c0e,0x00050081,0x00000019,
0x00001c16,0x00001c14,0x00002874,0x00050085,
0x00000019,0x00001c19,0x00001c16,0x00001c11,
0x00050085,0x00000019,0x00001c1c,0x00001864,
0x00001c19,0x00050081,0x00000019,0x00001c1e,
0x00001ba1,0x00001c1c,0x00050085,0x00000019,
0x00001c21,0x00001866,0x00001c19,0x00050081,
0x00000019,0x00001c23,0x00001ba6,0x00001c21,
0x00050085,0x00000019,0x00001c26,0x00001868,
0x00001c19,0x00050081,0x00000019,0x00001c28,
0x00001bab,0x00001c26,0x00050081,0x00000019,
0x00001c2b,0x00001b9e,0x00001c19,0x00050083,
0x00000019,0x00001870,0x00000410,0x0000183d,
0x0004007f,0x00000019,0x00001873,0x00001840,
0x0007004f,0x00000019,0x0000187d,0x0000191c,
0x0000191c,0x00000002,0x00000003,0x0007004f,
0x00000019,0x0000187f,0x00001924,0x00001924,
0x00000002,0x00000003,0x0007004f,0x00000019,
0x00001881,0x0000192c,0x0000192c,0x00000002,
0x00000003,0x00050085,0x00000019,0x00001c59,
0x00001870,0x00001b62,0x00050085,0x00000019,
0x00001c5d,0x00001873,0x00001b66,0x00050081,
0x00000019,0x00001c5e,0x00001c59,0x00001c5d,
0x00050085,0x00000019,0x00001c63,0x00001870,
0x00001b6c,0x00050085,0x00000019,0x00001c67,
0x00001873,0x00001b62,0x00050081,0x00000019,
0x00001c68,0x00001c63,0x00001c67,0x0005008e,
0x00000019,0x00001c6c,0x00001c5e,0x000017d9,
0x0005008e,0x00000019,0x00001c70,0x00001c68,
0x000017de,0x00050085,0x00000019,0x00001c73,
0x00001c6c,0x00001c6c,0x00050085,0x00000019,
0x00001c76,0x00001c70,0x00001c70,0x00050081,
0x00000019,0x00001c77,0x00001c73,0x00001c76,
0x0007000c,0x00000019,0x00001c7b,0x00000001,
0x00000025,0x00001c77,0x00001bb4,0x00050085,
0x00000019,0x00001c7e,0x00002872,0x00001c7b,
0x00050081,0x00000019,0x00001c80,0x00001c7e,
0x000003c4,0x00050085,0x00000019,0x00001c84,
0x00001bc0,0x00001c7b,0x00050081,0x00000019,
0x00001c86,0x00001c84,0x000003c4,0x00050085,
0x00000019,0x00001c89,0x00001c80,0x00001c80,
0x00050085,0x00000019,0x00001c8c,0x00001c86,
0x00001c86,0x00050085,0x00000019,0x00001c8f,
0x00002873,0x00001c89,0x00050081,0x00000019,
0x00001c91,0x00001c8f,0x00002874,0x00050085,
0x00000019,0x00001c94,0x00001c91,0x00001c8c,
0x00050085,0x00000019,0x00001c97,0x0000187d,
0x00001c94,0x00050081,0x00000019,0x00001c99,
0x00001c1e,0x00001c97,0x00050085,0x00000019,
0x00001c9c,0x0000187f,0x00001c94,0x00050081,
0x00000019,0x00001c9e,0x00001c23,0x00001c9c,
0x00050085,0x00000019,0x00001ca1,0x00001881,
0x00001c94,0x00050081,0x00000019,0x00001ca3,
0x00001c28,0x00001ca1,0x00050081,0x00000019,
0x00001ca6,0x00001c2b,0x00001c94,0x00050083,
0x00000019,0x00001889,0x00000439,0x0000183d,
0x0007004f,0x00000019,0x00001896,0x00001934,
0x00001934,0x00000000,0x00000001,0x0007004f,
0x00000019,0x00001898,0x0000193c,0x0000193c,
0x00000000,0x00000001,0x0007004f,0x00000019,
0x0000189a,0x00001944,0x00001944,0x00000000,
0x00000001,0x00050085,0x00000019,0x00001cd4,
0x00001889,0x00001b62,0x00050081,0x00000019,
0x00001cd9,0x00001cd4,0x00001be2,0x00050085,
0x00000019,0x00001cde,0x00001889,0x00001b6c,
0x00050081,0x00000019,0x00001ce3,0x00001cde,
0x00001bec,0x0005008e,0x00000019,0x00001ce7,
0x00001cd9,0x000017d9,0x0005008e,0x00000019,
0x00001ceb,0x00001ce3,0x000017de,0x00050085,
0x00000019,0x00001cee,0x00001ce7,0x00001ce7,
0x00050085,0x00000019,0x00001cf1,0x00001ceb,
0x00001ceb,0x00050081,0x00000019,0x00001cf2,
0x00001cee,0x00001cf1,0x0007000c,0x00000019,
0x00001cf6,0x00000001,0x00000025,0x00001cf2,
0x00001bb4,0x00050085,0x00000019,0x00001cf9,
0x00002872,0x00001cf6,0x00050081,0x00000019,
0x00001cfb,0x00001cf9,0x000003c4,0x00050085,
0x00000019,0x00001cff,0x00001bc0,0x00001cf6,
0x00050081,0x00000019,0x00001d01,0x00001cff,
0x000003c4,0x00050085,0x00000019,0x00001d04,
0x00001cfb,0x00001cfb,0x00050085,0x00000019,
0x00001d07,0x00001d01,0x00001d01,0x00050085,
0x00000019,0x00001d0a,0x00002873,0x00001d04,
0x00050081,0x00000019,0x00001d0c,0x00001d0a,
0x00002874,0x00050085,0x00000019,0x00001d0f,
0x00001d0c,0x00001d07,0x00050085,0x00000019,
0x00001d12,0x00001896,0x00001d0f,0x00050081,
0x00000019,0x00001d14,0x00001c99,0x00001d12,
0x00050085,0x00000019,0x00001d17,0x00001898,
0x00001d0f,0x00050081,0x00000019,0x00001d19,
0x00001c9e,0x00001d17,0x00050085,0x00000019,
0x00001d1c,0x0000189a,0x00001d0f,0x00050081,
0x00000019,0x00001d1e,0x00001ca3,0x00001d1c,
0x00050081,0x00000019,0x00001d21,0x00001ca6,
0x00001d0f,0x00050083,0x00000019,0x000018a2,
0x00000460,0x0000183d,0x0007004f,0x00000019,
0x000018af,0x00001934,0x00001934,0x00000002,
0x00000003,0x0007004f,0x00000019,0x000018b1,
0x0000193c,0x0000193c,0x00000002,0x00000003,
0x0007004f,0x00000019,0x000018b3,0x00001944,
0x00001944,0x00000002,0x00000003,0x00050085,
0x00000019,0x00001d4f,0x000018a2,0x00001b62,
0x00050081,0x00000019,0x00001d54,0x00001d4f,
0x00001c5d,0x00050085,0x00000019,0x00001d59,
0x000018a2,0x00001b6c,0x00050081,0x00000019,
0x00001d5e,0x00001d59,0x00001c67,0x0005008e,
0x00000019,0x00001d62,0x00001d54,0x000017d9,
0x0005008e,0x00000019,0x00001d66,0x00001d5e,
0x000017de,0x00050085,0x00000019,0x00001d69,
0x00001d62,0x00001d62,0x00050085,0x00000019,
0x00001d6c,0x00001d66,0x00001d66,0x00050081,
0x00000019,0x00001d6d,0x00001d69,0x00001d6c,
0x0007000c,0x00000019,0x00001d71,0x00000001,
0x00000025,0x00001d6d,0x00001bb4,0x00050085,
0x00000019,0x00001d74,0x00002872,0x00001d71,
0x00050081,0x00000019,0x00001d76,0x00001d74,
0x000003c4,0x00050085,0x00000019,0x00001d7a,
0x00001bc0,0x00001d71,0x00050081,0x00000019,
0x00001d7c,0x00001d7a,0x000003c4,0x00050085,
0x00000019,0x00001d7f,0x00001d76,0x00001d76,
0x00050085,0x00000019,0x00001d82,0x00001d7c,
0x00001d7c,0x00050085,0x00000019,0x00001d85,
0x00002873,0x00001d7f,0x00050081,0x00000019,
0x00001d87,0x00001d85,0x00002874,0x00050085,
0x00000019,0x00001d8a,0x00001d87,0x00001d82,
0x00050085,0x00000019,0x00001d8d,0x000018af,
0x00001d8a,0x00050081,0x00000019,0x00001d8f,
0x00001d14,0x00001d8d,0x00050085,0x00000019,
0x00001d92,0x000018b1,0x00001d8a,0x00050081,
0x00000019,0x00001d94,0x00001d19,0x00001d92,
0x00050085,0x00000019,0x00001d97,0x000018b3,
0x00001d8a,0x00050081,0x00000019,0x00001d99,
0x00001d1e,0x00001d97,0x00050081,0x00000019,
0x00001d9c,0x00001d21,0x00001d8a,0x00050083,
0x00000019,0x000018bb,0x00000170,0x0000183d,
0x00050083,0x00000019,0x000018be,0x0000048a,
0x00001840,0x0007004f,0x00000019,0x000018c8,
0x0000194c,0x0000194c,0x00000002,0x00000003,
0x0007004f,0x00000019,0x000018ca,0x00001954,
0x00001954,0x00000002,0x00000003,0x0007004f,
0x00000019,0x000018cc,0x0000195c,0x0000195c,
0x00000002,0x00000003,0x00050085,0x00000019,
0x00001dca,0x000018bb,0x00001b62,0x00050085,
0x00000019,0x00001dce,0x000018be,0x00001b66,
0x00050081,0x00000019,0x00001dcf,0x00001dca,
0x00001dce,0x00050085,0x00000019,0x00001dd4,
0x000018bb,0x00001b6c,0x00050085,0x00000019,
0x00001dd8,0x000018be,0x00001b62,0x00050081,
0x00000019,0x00001dd9,0x00001dd4,0x00001dd8,
0x0005008e,0x00000019,0x00001ddd,0x00001dcf,
0x000017d9,0x0005008e,0x00000019,0x00001de1,
0x00001dd9,0x000017de,0x00050085,0x00000019,
0x00001de4,0x00001ddd,0x00001ddd,0x00050085,
0x00000019,0x00001de7,0x00001de1,0x00001de1,
0x00050081,0x00000019,0x00001de8,0x00001de4,
0x00001de7,0x0007000c,0x00000019,0x00001dec,
0x00000001,0x00000025,0x00001de8,0x00001bb4,
0x00050085,0x00000019,0x00001def,0x00002872,
0x00001dec,0x00050081,0x00000019,0x00001df1,
0x00001def,0x000003c4,0x00050085,0x00000019,
0x00001df5,0x00001bc0,0x00001dec,0x00050081,
0x00000019,0x00001df7,0x00001df5,0x000003c4,
0x00050085,0x00000019,0x00001dfa,0x00001df1,
0x00001df1,0x00050085,0x00000019,0x00001dfd,
0x00001df7,0x00001df7,0x00050085,0x00000019,
0x00001e00,0x00002873,0x00001dfa,0x00050081,
0x00000019,0x00001e02,0x00001e00,0x00002874,
0x00050085,0x00000019,0x00001e05,0x00001e02,
0x00001dfd,0x00050085,0x00000019,0x00001e08,
0x000018c8,0x00001e05,0x00050081,0x00000019,
0x00001e0a,0x00001d8f,0x00001e08,0x00050085,
0x00000019,0x00001e0d,0x000018ca,0x00001e05,
0x00050081,0x00000019,0x00001e0f,0x00001d94,
0x00001e0d,0x00050085,0x00000019,0x00001e12,
0x000018cc,0x00001e05,0x00050081,0x00000019,
0x00001e14,0x00001d99,0x00001e12,0x00050081,
0x00000019,0x00001e17,0x00001d9c,0x00001e05,
0x00050051,0x00000013,0x000018d3,0x00001e0a,
0x00000000,0x00050051,0x00000013,0x000018d5,
0x00001e0a,0x00000001,0x00050081,0x00000013,
0x000018d6,0x000018d3,0x000018d5,0x00050051,
0x00000013,0x000018d8,0x00001e0f,0x00000000,
0x00050051,0x00000013,0x000018da,0x00001e0f,
0x00000001,0x00050081,0x00000013,0x000018db,
0x000018d8,0x000018da,0x00050051,0x00000013,
0x000018dd,0x00001e14,0x00000000,0x00050051,
0x00000013,0x000018df,0x00001e14,0x00000001,
0x00050081,0x00000013,0x000018e0,0x000018dd,
0x000018df,0x00060050,0x0000001e,0x000018e1,
0x000018d6,0x000018db,0x000018e0,0x00050051,
0x00000013,0x000018e3,0x00001e17,0x00000000,
0x00050051,0x00000013,0x000018e5,0x00001e17,
0x00000001,0x00050081,0x00000013,0x000018e6,
0x000018e3,0x000018e5,0x00050051,0x00000013,
0x000018e8,0x00001801,0x00000001,0x00050051,
0x00000013,0x000018ea,0x0000181c,0x00000001,
0x00050051,0x00000013,0x000018ec,0x00001837,
0x00000001,0x00060050,0x0000001e,0x000018ed,
0x000018e8,0x000018ea,0x000018ec,0x00050051,
0x00000013,0x000018ef,0x00001801,0x00000000,
0x00050051,0x00000013,0x000018f1,0x0000181c,
0x00000000,0x00050051,0x00000013,0x000018f3,
0x00001837,0x00000000,0x00060050,0x0000001e,
0x000018f4,0x000018ef,0x000018f1,0x000018f3,
0x0004007f,0x0000001e,0x000018f5,0x000018f4,
0x00050088,0x00000013,0x00001e39,0x000000a5,
0x000018e6,0x00060050,0x0000001e,0x00001e40,
0x00001e39,0x00001e39,0x00001e39,0x00050085,
0x0000001e,0x000018fa,0x000018e1,0x00001e40,
0x0007000c,0x0000001e,0x000018fb,0x00000001,
0x00000028,0x000018f5,0x000018fa,0x0007000c,
0x0000001e,0x000018fc,0x00000001,0x00000025,
0x000018ed,0x000018fb,0x0004003d,0x000004f4,
0x00001607,0x000004f6,0x0004007c,0x000004f9,
0x00001609,0x00002875,0x00040073,0x000004fc,
0x0000160b,0x000018fc,0x00050051,0x00000044,
0x0000160c,0x0000160b,0x00000000,0x00050051,
0x00000044,0x0000160d,0x0000160b,0x00000001,
0x00050051,0x00000044,0x0000160e,0x0000160b,
0x00000002,0x00070050,0x000000f0,0x0000160f,
0x0000160c,0x0000160d,0x0000160e,0x000004fe,
0x00040063,0x00001607,0x00001609,0x0000160f,
0x00060052,0x0000003f,0x000027a7,0x0000051b,
0x00002875,0x00000000,0x00040070,0x00000045,
0x00001f28,0x000027a7,0x00050085,0x00000045,
0x00001f2c,0x00001f28,0x00000644,0x00050081,
0x00000045,0x00001f30,0x00001f2c,0x00000648,
0x0006000c,0x00000045,0x00001f32,0x00000001,
0x00000008,0x00001f30,0x00050083,0x00000045,
0x00001f35,0x00001f30,0x00001f32,0x00040073,
0x00000019,0x00001f37,0x00001f35,0x00050085,
0x00000045,0x00001f3c,0x00001f32,0x00000654,
0x00050081,0x00000045,0x00001f40,0x00001f3c,
0x00000658,0x00050081,0x00000045,0x00001f45,
0x00001f40,0x0000065d,0x00050081,0x00000045,
0x00001f4a,0x00001f40,0x00000662,0x00050081,
0x00000045,0x00001f4f,0x00001f40,0x00000667,
0x0004003d,0x000000e5,0x0000214c,0x000000e7,
0x0004003d,0x000000e9,0x0000214d,0x000000eb,
0x00050056,0x000000ed,0x0000214e,0x0000214c,
0x0000214d,0x00060060,0x000000f0,0x00002150,
0x0000214e,0x00001f40,0x0000008d,0x00040073,
0x00000023,0x00002151,0x00002150,0x0004003d,
0x000000e5,0x00002154,0x000000e7,0x0004003d,
0x000000e9,0x00002155,0x000000eb,0x00050056,
0x000000ed,0x00002156,0x00002154,0x00002155,
0x00060060,0x000000f0,0x00002158,0x00002156,
0x00001f40,0x000000f9,0x00040073,0x00000023,
0x00002159,0x00002158,0x0004003d,0x000000e5,
0x0000215c,0x000000e7,0x0004003d,0x000000e9,
0x0000215d,0x000000eb,0x00050056,0x000000ed,
0x0000215e,0x0000215c,0x0000215d,0x00060060,
0x000000f0,0x00002160,0x0000215e,0x00001f40,
0x00000102,0x00040073,0x00000023,0x00002161,
0x00002160,0x0004003d,0x000000e5,0x00002164,
0x000000e7,0x0004003d,0x000000e9,0x00002165,
0x000000eb,0x00050056,0x000000ed,0x00002166,
0x00002164,0x00002165,0x00060060,0x000000f0,
0x00002168,0x00002166,0x00001f45,0x0000008d,
0x00040073,0x00000023,0x00002169,0x00002168,
0x0004003d,0x000000e5,0x0000216c,0x000000e7,
0x0004003d,0x000000e9,0x0000216d,0x000000eb,
0x00050056,0x000000ed,0x0000216e,0x0000216c,
0x0000216d,0x00060060,0x000000f0,0x00002170,
0x0000216e,0x00001f45,0x000000f9,0x00040073,
0x00000023,0x00002171,0x00002170,0x0004003d,
0x000000e5,0x00002174,0x000000e7,0x0004003d,
0x000000e9,0x00002175,0x000000eb,0x00050056,
0x000000ed,0x00002176,0x00002174,0x00002175,
0x00060060,0x000000f0,0x00002178,0x00002176,
0x00001f45,0x00000102,0x00040073,0x00000023,
0x00002179,0x00002178,0x0004003d,0x000000e5,
0x0000217c,0x000000e7,0x0004003d,0x000000e9,
0x0000217d,0x000000eb,0x00050056,0x000000ed,
0x0000217e,0x0000217c,0x0000217d,0x00060060,
0x000000f0,0x00002180,0x0000217e,0x00001f4a,
0x0000008d,0x00040073,0x00000023,0x00002181,
0x00002180,0x0004003d,0x000000e5,0x00002184,
0x000000e7,0x0004003d,0x000000e9,0x00002185,
0x000000eb,0x00050056,0x000000ed,0x00002186,
0x00002184,0x00002185,0x00060060,0x000000f0,
0x00002188,0x00002186,0x00001f4a,0x000000f9,
0x00040073,0x00000023,0x00002189,0x00002188,
0x0004003d,0x000000e5,0x0000218c,0x000000e7,
0x0004003d,0x000000e9,0x0000218d,0x000000eb,
0x00050056,0x000000ed,0x0000218e,0x0000218c,
0x0000218d,0x00060060,0x000000f0,0x00002190,
0x0000218e,0x00001f4a,0x00000102,0x00040073,
0x00000023,0x00002191,0x00002190,0x0004003d,
0x000000e5,0x00002194,0x000000e7,0x0004003d,
0x000000e9,0x00002195,0x000000eb,0x00050056,
0x000000ed,0x00002196,0x00002194,0x00002195,
0x00060060,0x000000f0,0x00002198,0x00002196,
0x00001f4f,0x0000008d,0x00040073,0x00000023,
0x00002199,0x00002198,0x0004003d,0x000000e5,
0x0000219c,0x000000e7,0x0004003d,0x000000e9,
0x0000219d,0x000000eb,0x00050056,0x000000ed,
0x0000219e,0x0000219c,0x0000219d,0x00060060,
0x000000f0,0x000021a0,0x0000219e,0x00001f4f,
0x000000f9,0x00040073,0x00000023,0x000021a1,
0x000021a0,0x0004003d,0x000000e5,0x000021a4,
0x000000e7,0x0004003d,0x000000e9,0x000021a5,
0x000000eb,0x00050056,0x000000ed,0x000021a6,
0x000021a4,0x000021a5,0x00060060,0x000000f0,
0x000021a8,0x000021a6,0x00001f4f,0x00000102,
0x00040073,0x00000023,0x000021a9,0x000021a8,
0x00050085,0x00000023,0x00001f6a,0x00002161,
0x00002871,0x00050085,0x00000023,0x00001f6d,
0x00002151,0x00002871,0x00050081,0x00000023,
0x00001f6f,0x00001f6d,0x00002159,0x00050081,
0x00000023,0x00001f70,0x00001f6a,0x00001f6f,
0x00050085,0x00000023,0x00001f73,0x00002179,
0x00002871,0x00050085,0x00000023,0x00001f76,
0x00002169,0x00002871,0x00050081,0x00000023,
0x00001f78,0x00001f76,0x00002171,0x00050081,
0x00000023,0x00001f79,0x00001f73,0x00001f78,
0x00050085,0x00000023,0x00001f7c,0x00002191,
0x00002871,0x00050085,0x00000023,0x00001f7f,
0x00002181,0x00002871,0x00050081,0x00000023,
0x00001f81,0x00001f7f,0x00002189,0x00050081,
0x00000023,0x00001f82,0x00001f7c,0x00001f81,
0x00050085,0x00000023,0x00001f85,0x000021a9,
0x00002871,0x00050085,0x00000023,0x00001f88,
0x00002199,0x00002871,0x00050081,0x00000023,
0x00001f8a,0x00001f88,0x000021a1,0x00050081,
0x00000023,0x00001f8b,0x00001f85,0x00001f8a,
0x00050051,0x00000013,0x00001f8d,0x00001f70,
0x00000000,0x00050051,0x00000013,0x00001f8f,
0x00001f70,0x00000001,0x00050051,0x00000013,
0x00001f91,0x00001f79,0x00000000,0x00050051,
0x00000013,0x00001f93,0x00001f79,0x00000001,
0x00050051,0x00000013,0x00001f95,0x00001f79,
0x00000002,0x00050051,0x00000013,0x00001f97,
0x00001f79,0x00000003,0x00050051,0x00000013,
0x00001f99,0x00001f82,0x00000000,0x00050051,
0x00000013,0x00001f9b,0x00001f82,0x00000001,
0x00050051,0x00000013,0x00001f9d,0x00001f82,
0x00000002,0x00050051,0x00000013,0x00001f9f,
0x00001f82,0x00000003,0x00050051,0x00000013,
0x00001fa1,0x00001f8b,0x00000002,0x00050051,
0x00000013,0x00001fa3,0x00001f8b,0x00000003,
0x00050050,0x00000019,0x00001fa9,0x00001f8d,
0x00001f8f,0x00050050,0x00000019,0x00001fac,
0x00001f97,0x00001f95,0x00050050,0x00000019,
0x00001faf,0x00001f95,0x00001f9f,0x00050050,
0x00000019,0x00001fb2,0x00001f9f,0x00001f9d,
0x00050050,0x00000019,0x00001fb5,0x00001f93,
0x00001f99,0x00050051,0x00000013,0x000021ec,
0x00001f37,0x00000000,0x0004007f,0x00000013,
0x000021ed,0x000021ec,0x00050050,0x00000019,
0x000021f0,0x000021ed,0x000021ec,0x00050081,
0x00000019,0x000021f1,0x00000170,0x000021f0,
0x00050051,0x00000013,0x000021f4,0x00001f37,
0x00000001,0x00050083,0x00000013,0x000021f5,
0x000000a5,0x000021f4,0x00050050,0x00000019,
0x00002255,0x000021f5,0x000021f5,0x00050085,
0x00000019,0x000021f7,0x000021f1,0x00002255,
0x00050083,0x00000019,0x00002209,0x00001fb2,
0x00001faf,0x00050083,0x00000019,0x0000220c,
0x00001faf,0x00001fac,0x0006000c,0x00000019,
0x0000220e,0x00000001,0x00000004,0x00002209,
0x0006000c,0x00000019,0x00002210,0x00000001,
0x00000004,0x0000220c,0x0007000c,0x00000019,
0x00002211,0x00000001,0x00000028,0x0000220e,
0x00002210,0x00050088,0x00000019,0x0000225f,
0x000003ec,0x00002211,0x00050083,0x00000019,
0x00002216,0x00001fb2,0x00001fac,0x00050085,
0x00000019,0x00002219,0x00002216,0x000021f7,
0x0006000c,0x00000019,0x0000221d,0x00000001,
0x00000004,0x00002216,0x00050085,0x00000019,
0x0000221f,0x0000221d,0x0000225f,0x0008000c,
0x00000019,0x0000226b,0x00000001,0x0000002b,
0x0000221f,0x00000414,0x000003ec,0x00050085,
0x00000019,0x00002223,0x0000226b,0x0000226b,
0x00050083,0x00000019,0x0000222b,0x00001fb5,
0x00001faf,0x00050083,0x00000019,0x0000222e,
0x00001faf,0x00001fa9,0x0006000c,0x00000019,
0x00002230,0x00000001,0x00000004,0x0000222b,
0x0006000c,0x00000019,0x00002232,0x00000001,
0x00000004,0x0000222e,0x0007000c,0x00000019,
0x00002233,0x00000001,0x00000028,0x00002230,
0x00002232,0x00050088,0x00000019,0x00002279,
0x000003ec,0x00002233,0x00050083,0x00000019,
0x00002238,0x00001fb5,0x00001fa9,0x00050085,
0x00000019,0x0000223b,0x00002238,0x000021f7,
0x0006000c,0x00000019,0x0000223f,0x00000001,
0x00000004,0x00002238,0x00050085,0x00000019,
0x00002241,0x0000223f,0x00002279,0x0008000c,
0x00000019,0x00002285,0x00000001,0x0000002b,
0x00002241,0x00000414,0x000003ec,0x00050085,
0x00000019,0x00002245,0x00002285,0x00002285,
0x00050081,0x00000019,0x00002879,0x00002223,
0x00002245,0x00050085,0x00000019,0x0000224a,
0x000021f7,0x00002879,0x00050050,0x00000019,
0x00001fc3,0x00001f91,0x00001f93,0x00050050,
0x00000019,0x00001fc9,0x00001f99,0x00001f9b,
0x00050050,0x00000019,0x00001fcc,0x00001fa3,
0x00001fa1,0x00050050,0x00000019,0x00002311,
0x000021f4,0x000021f4,0x00050085,0x00000019,
0x000022bd,0x000021f1,0x00002311,0x00050083,
0x00000019,0x000022c1,0x00001fc9,0x00001fb5,
0x00050083,0x00000019,0x000022c4,0x00001fb5,
0x00001fc3,0x0006000c,0x00000019,0x000022c6,
0x00000001,0x00000004,0x000022c1,0x0006000c,
0x00000019,0x000022c8,0x00000001,0x00000004,
0x000022c4,0x0007000c,0x00000019,0x000022c9,
0x00000001,0x00000028,0x000022c6,0x000022c8,
0x00050088,0x00000019,0x00002317,0x000003ec,
0x000022c9,0x00050083,0x00000019,0x000022ce,
0x00001fc9,0x00001fc3,0x00050085,0x00000019,
0x000022d1,0x000022ce,0x000022bd,0x00050081,
0x00000019,0x000022d3,0x00002219,0x000022d1,
0x0006000c,0x00000019,0x000022d5,0x00000001,
0x00000004,0x000022ce,0x00050085,0x00000019,
0x000022d7,0x000022d5,0x00002317,0x0008000c,
0x00000019,0x00002323,0x00000001,0x0000002b,
0x000022d7,0x00000414,0x000003ec,0x00050085,
0x00000019,0x000022db,0x00002323,0x00002323,
0x00050085,0x00000019,0x000022de,0x000022db,
0x000022bd,0x00050081,0x00000019,0x000022e0,
0x0000224a,0x000022de,0x00050083,0x00000019,
0x000022e3,0x00001fcc,0x00001fb5,0x0006000c,
0x00000019,0x000022e8,0x00000001,0x00000004,
0x000022e3,0x0007000c,0x00000019,0x000022eb,
0x00000001,0x00000028,0x000022e8,0x00002230,
0x00050088,0x00000019,0x00002331,0x000003ec,
0x000022eb,0x00050083,0x00000019,0x000022f0,
0x00001fcc,0x00001faf,0x00050085,0x00000019,
0x000022f3,0x000022f0,0x000022bd,0x00050081,
0x00000019,0x000022f5,0x0000223b,0x000022f3,
0x0006000c,0x00000019,0x000022f7,0x00000001,
0x00000004,0x000022f0,0x00050085,0x00000019,
0x000022f9,0x000022f7,0x00002331,0x0008000c,
0x00000019,0x0000233d,0x00000001,0x0000002b,
0x000022f9,0x00000414,0x000003ec,0x00050085,
0x00000019,0x000022fd,0x0000233d,0x0000233d,
0x00050085,0x00000019,0x00002300,0x000022fd,
0x000022bd,0x00050081,0x00000019,0x00002302,
0x000022e0,0x00002300,0x00050051,0x00000013,
0x00001fd6,0x000022d3,0x00000000,0x00050051,
0x00000013,0x00001fd8,0x000022d3,0x00000001,
0x00050081,0x00000013,0x00001fd9,0x00001fd6,
0x00001fd8,0x00050051,0x00000013,0x00001fdb,
0x000022f5,0x00000000,0x00050051,0x00000013,
0x00001fdd,0x000022f5,0x00000001,0x00050081,
0x00000013,0x00001fde,0x00001fdb,0x00001fdd,
0x00050050,0x00000019,0x00001fdf,0x00001fd9,
0x00001fde,0x00050051,0x00000013,0x00001fe1,
0x00002302,0x00000000,0x00050051,0x00000013,
0x00001fe3,0x00002302,0x00000001,0x00050081,
0x00000013,0x00001fe4,0x00001fe1,0x00001fe3,
0x00050085,0x00000019,0x00001fe7,0x00001fdf,
0x00001fdf,0x00050051,0x00000013,0x00001fe9,
0x00001fe7,0x00000000,0x00050051,0x00000013,
0x00001feb,0x00001fe7,0x00000001,0x00050081,
0x00000013,0x00001fec,0x00001fe9,0x00001feb,
0x000500b8,0x00000061,0x00001fef,0x00001fec,
0x00000303,0x0004007c,0x00000028,0x0000234f,
0x00001fec,0x000500c2,0x00000028,0x00002351,
0x0000234f,0x000000c9,0x00050082,0x00000028,
0x00002352,0x000000c4,0x00002351,0x0004007c,
0x00000013,0x00002353,0x00002352,0x000600a9,
0x00000013,0x00002880,0x00001fef,0x000000a5,
0x00002353,0x000600a9,0x00000013,0x00002881,
0x00001fef,0x000000a5,0x00001fd9,0x00060052,
0x00000019,0x000027ca,0x00002881,0x00001fdf,
0x00000000,0x00050050,0x00000019,0x00002363,
0x00002880,0x00002880,0x00050085,0x00000019,
0x00002005,0x000027ca,0x00002363,0x00050085,
0x00000013,0x00002008,0x00001fe4,0x00000242,
0x00050085,0x00000013,0x0000200b,0x00002008,
0x00002008,0x00050051,0x00000013,0x0000200d,
0x00002005,0x00000000,0x00050085,0x00000013,
0x00002010,0x0000200d,0x0000200d,0x00050051,
0x00000013,0x00002012,0x00002005,0x00000001,
0x00050085,0x00000013,0x00002015,0x00002012,
0x00002012,0x00050081,0x00000013,0x00002016,
0x00002010,0x00002015,0x0006000c,0x00000013,
0x00002019,0x00000001,0x00000004,0x0000200d,
0x0006000c,0x00000013,0x0000201c,0x00000001,
0x00000004,0x00002012,0x0007000c,0x00000013,
0x0000201d,0x00000001,0x00000028,0x00002019,
0x0000201c,0x0004007c,0x00000028,0x0000236c,
0x0000201d,0x00050082,0x00000028,0x0000236d,
0x000000bb,0x0000236c,0x0004007c,0x00000013,
0x0000236e,0x0000236d,0x00050085,0x00000013,
0x0000201f,0x00002016,0x0000236e,0x00050083,
0x00000013,0x00002023,0x0000201f,0x000000a5,
0x00050085,0x00000013,0x00002025,0x00002023,
0x0000200b,0x00050081,0x00000013,0x00002026,
0x000000a5,0x00002025,0x00050085,0x00000013,
0x0000202a,0x0000034c,0x0000200b,0x00050081,
0x00000013,0x0000202b,0x000000a5,0x0000202a,
0x00050085,0x00000013,0x00002030,0x00000356,
0x0000200b,0x00050081,0x00000013,0x00002031,
0x00000242,0x00002030,0x0004007c,0x00000028,
0x00002389,0x00002031,0x00050082,0x00000028,
0x0000238a,0x000000bb,0x00002389,0x0004007c,
0x00000013,0x0000238b,0x0000238a,0x00050051,
0x00000013,0x00002035,0x00002169,0x00000002,
0x0004007f,0x00000013,0x00002036,0x00002035,
0x00050050,0x00000019,0x00002039,0x00002036,
0x00002035,0x00050051,0x00000013,0x0000203b,
0x00002181,0x00000003,0x0004007f,0x00000013,
0x0000203c,0x0000203b,0x00050050,0x00000019,
0x0000203f,0x0000203c,0x0000203b,0x0007000c,
0x00000019,0x00002040,0x00000001,0x00000028,
0x00002039,0x0000203f,0x00050051,0x00000013,
0x00002042,0x00002169,0x00000001,0x0004007f,
0x00000013,0x00002043,0x00002042,0x00050050,
0x00000019,0x00002046,0x00002043,0x00002042,
0x00050051,0x00000013,0x00002048,0x00002181,
0x00000000,0x0004007f,0x00000013,0x00002049,
0x00002048,0x00050050,0x00000019,0x0000204c,
0x00002049,0x00002048,0x0007000c,0x00000019,
0x0000204d,0x00000001,0x00000028,0x00002046,
0x0000204c,0x0007000c,0x00000019,0x0000204e,
0x00000001,0x00000028,0x00002040,0x0000204d,
0x00050051,0x00000013,0x00002050,0x00002171,
0x00000002,0x0004007f,0x00000013,0x00002051,
0x00002050,0x00050050,0x00000019,0x00002054,
0x00002051,0x00002050,0x00050051,0x00000013,
0x00002056,0x00002189,0x00000003,0x0004007f,
0x00000013,0x00002057,0x00002056,0x00050050,
0x00000019,0x0000205a,0x00002057,0x00002056,
0x0007000c,0x00000019,0x0000205b,0x00000001,
0x00000028,0x00002054,0x0000205a,0x00050051,
0x00000013,0x0000205d,0x00002171,0x00000001,
0x0004007f,0x00000013,0x0000205e,0x0000205d,
0x00050050,0x00000019,0x00002061,0x0000205e,
0x0000205d,0x00050051,0x00000013,0x00002063,
0x00002189,0x00000000,0x0004007f,0x00000013,
0x00002064,0x00002063,0x00050050,0x00000019,
0x00002067,0x00002064,0x00002063,0x0007000c,
0x00000019,0x00002068,0x00000001,0x00000028,
0x00002061,0x00002067,0x0007000c,0x00000019,
0x00002069,0x00000001,0x00000028,0x0000205b,
0x00002068,0x00050051,0x00000013,0x0000206b,
0x00002179,0x00000002,0x0004007f,0x00000013,
0x0000206c,0x0000206b,0x00050050,0x00000019,
0x0000206f,0x0000206c,0x0000206b,0x00050051,
0x00000013,0x00002071,0x00002191,0x00000003,
0x0004007f,0x00000013,0x00002072,0x00002071,
0x00050050,0x00000019,0x00002075,0x00002072,
0x00002071,0x0007000c,0x00000019,0x00002076,
0x00000001,0x00000028,0x0000206f,0x00002075,
0x00050051,0x00000013,0x00002078,0x00002179,
0x00000001,0x0004007f,0x00000013,0x00002079,
0x00002078,0x00050050,0x00000019,0x0000207c,
0x00002079,0x00002078,0x00050051,0x00000013,
0x0000207e,0x00002191,0x00000000,0x0004007f,
0x00000013,0x0000207f,0x0000207e,0x00050050,
0x00000019,0x00002082,0x0000207f,0x0000207e,
0x0007000c,0x00000019,0x00002083,0x00000001,
0x00000028,0x0000207c,0x00002082,0x0007000c,
0x00000019,0x00002084,0x00000001,0x00000028,
0x00002076,0x00002083,0x0007004f,0x00000019,
0x0000208a,0x00001f37,0x00001f37,0x00000000,
0x00000000,0x00050083,0x00000019,0x0000208b,
0x000003c0,0x0000208a,0x0007004f,0x00000019,
0x0000208d,0x00001f37,0x00001f37,0x00000001,
0x00000001,0x00050083,0x00000019,0x0000208e,
0x000003c4,0x0000208d,0x0007004f,0x00000019,
0x00002098,0x00002151,0x00002151,0x00000000,
0x00000001,0x0007004f,0x00000019,0x0000209a,
0x00002159,0x00002159,0x00000000,0x00000001,
0x0007004f,0x00000019,0x0000209c,0x00002161,
0x00002161,0x00000000,0x00000001,0x0007004f,
0x00000019,0x000023af,0x00002005,0x00002005,
0x00000000,0x00000000,0x00050085,0x00000019,
0x000023b0,0x0000208b,0x000023af,0x0007004f,
0x00000019,0x000023b3,0x00002005,0x00002005,
0x00000001,0x00000001,0x00050085,0x00000019,
0x000023b4,0x0000208e,0x000023b3,0x00050081,
0x00000019,0x000023b5,0x000023b0,0x000023b4,
0x0004007f,0x00000019,0x000023b9,0x000023b3,
0x00050085,0x00000019,0x000023ba,0x0000208b,
0x000023b9,0x00050085,0x00000019,0x000023be,
0x0000208e,0x000023af,0x00050081,0x00000019,
0x000023bf,0x000023ba,0x000023be,0x0005008e,
0x00000019,0x000023c3,0x000023b5,0x00002026,
0x0005008e,0x00000019,0x000023c7,0x000023bf,
0x0000202b,0x00050085,0x00000019,0x000023ca,
0x000023c3,0x000023c3,0x00050085,0x00000019,
0x000023cd,0x000023c7,0x000023c7,0x00050081,
0x00000019,0x000023ce,0x000023ca,0x000023cd,
0x00050050,0x00000019,0x00002401,0x0000238b,
0x0000238b,0x0007000c,0x00000019,0x000023d2,
0x00000001,0x00000025,0x000023ce,0x00002401,
0x00050085,0x00000019,0x000023d5,0x00002872,
0x000023d2,0x00050081,0x00000019,0x000023d7,
0x000023d5,0x000003c4,0x00050050,0x00000019,
0x0000240d,0x00002031,0x00002031,0x00050085,
0x00000019,0x000023db,0x0000240d,0x000023d2,
0x00050081,0x00000019,0x000023dd,0x000023db,
0x000003c4,0x00050085,0x00000019,0x000023e0,
0x000023d7,0x000023d7,0x00050085,0x00000019,
0x000023e3,0x000023dd,0x000023dd,0x00050085,
0x00000019,0x000023e6,0x00002873,0x000023e0,
0x00050081,0x00000019,0x000023e8,0x000023e6,
0x00002874,0x00050085,0x00000019,0x000023eb,
0x000023e8,0x000023e3,0x00050085,0x00000019,
0x000023ee,0x00002098,0x000023eb,0x00050085,
0x00000019,0x000023f3,0x0000209a,0x000023eb,
0x00050085,0x00000019,0x000023f8,0x0000209c,
0x000023eb,0x00050083,0x00000019,0x000020a4,
0x000003e8,0x0000208a,0x00050083,0x00000019,
0x000020a7,0x000003ec,0x0000208d,0x0007004f,
0x00000019,0x000020b1,0x00002169,0x00002169,
0x00000000,0x00000001,0x0007004f,0x00000019,
0x000020b3,0x00002171,0x00002171,0x00000000,
0x00000001,0x0007004f,0x00000019,0x000020b5,
0x00002179,0x00002179,0x00000000,0x00000001,
0x00050085,0x00000019,0x0000242b,0x000020a4,
0x000023af,0x00050085,0x00000019,0x0000242f,
0x000020a7,0x000023b3,0x00050081,0x00000019,
0x00002430,0x0000242b,0x0000242f,0x00050085,
0x00000019,0x00002435,0x000020a4,0x000023b9,
0x00050085,0x00000019,0x00002439,0x000020a7,
0x000023af,0x00050081,0x00000019,0x0000243a,
0x00002435,0x00002439,0x0005008e,0x00000019,
0x0000243e,0x00002430,0x00002026,0x0005008e,
0x00000019,0x00002442,0x0000243a,0x0000202b,
0x00050085,0x00000019,0x00002445,0x0000243e,
0x0000243e,0x00050085,0x00000019,0x00002448,
0x00002442,0x00002442,0x00050081,0x00000019,
0x00002449,0x00002445,0x00002448,0x0007000c,
0x00000019,0x0000244d,0x00000001,0x00000025,
0x00002449,0x00002401,0x00050085,0x00000019,
0x00002450,0x00002872,0x0000244d,0x00050081,
0x00000019,0x00002452,0x00002450,0x000003c4,
0x00050085,0x00000019,0x00002456,0x0000240d,
0x0000244d,0x00050081,0x00000019,0x00002458,
0x00002456,0x000003c4,0x00050085,0x00000019,
0x0000245b,0x00002452,0x00002452,0x00050085,
0x00000019,0x0000245e,0x00002458,0x00002458,
0x00050085,0x00000019,0x00002461,0x00002873,
0x0000245b,0x00050081,0x00000019,0x00002463,
0x00002461,0x00002874,0x00050085,0x00000019,
0x00002466,0x00002463,0x0000245e,0x00050085,
0x00000019,0x00002469,0x000020b1,0x00002466,
0x00050081,0x00000019,0x0000246b,0x000023ee,
0x00002469,0x00050085,0x00000019,0x0000246e,
0x000020b3,0x00002466,0x00050081,0x00000019,
0x00002470,0x000023f3,0x0000246e,0x00050085,
0x00000019,0x00002473,0x000020b5,0x00002466,
0x00050081,0x00000019,0x00002475,0x000023f8,
0x00002473,0x00050081,0x00000019,0x00002478,
0x000023eb,0x00002466,0x00050083,0x00000019,
0x000020bd,0x00000410,0x0000208a,0x0004007f,
0x00000019,0x000020c0,0x0000208d,0x0007004f,
0x00000019,0x000020ca,0x00002169,0x00002169,
0x00000002,0x00000003,0x0007004f,0x00000019,
0x000020cc,0x00002171,0x00002171,0x00000002,
0x00000003,0x0007004f,0x00000019,0x000020ce,
0x00002179,0x00002179,0x00000002,0x00000003,
0x00050085,0x00000019,0x000024a6,0x000020bd,
0x000023af,0x00050085,0x00000019,0x000024aa,
0x000020c0,0x000023b3,0x00050081,0x00000019,
0x000024ab,0x000024a6,0x000024aa,0x00050085,
0x00000019,0x000024b0,0x000020bd,0x000023b9,
0x00050085,0x00000019,0x000024b4,0x000020c0,
0x000023af,0x00050081,0x00000019,0x000024b5,
0x000024b0,0x000024b4,0x0005008e,0x00000019,
0x000024b9,0x000024ab,0x00002026,0x0005008e,
0x00000019,0x000024bd,0x000024b5,0x0000202b,
0x00050085,0x00000019,0x000024c0,0x000024b9,
0x000024b9,0x00050085,0x00000019,0x000024c3,
0x000024bd,0x000024bd,0x00050081,0x00000019,
0x000024c4,0x000024c0,0x000024c3,0x0007000c,
0x00000019,0x000024c8,0x00000001,0x00000025,
0x000024c4,0x00002401,0x00050085,0x00000019,
0x000024cb,0x00002872,0x000024c8,0x00050081,
0x00000019,0x000024cd,0x000024cb,0x000003c4,
0x00050085,0x00000019,0x000024d1,0x0000240d,
0x000024c8,0x00050081,0x00000019,0x000024d3,
0x000024d1,0x000003c4,0x00050085,0x00000019,
0x000024d6,0x000024cd,0x000024cd,0x00050085,
0x00000019,0x000024d9,0x000024d3,0x000024d3,
0x00050085,0x00000019,0x000024dc,0x00002873,
0x000024d6,0x00050081,0x00000019,0x000024de,
0x000024dc,0x00002874,0x00050085,0x00000019,
0x000024e1,0x000024de,0x000024d9,0x00050085,
0x00000019,0x000024e4,0x000020ca,0x000024e1,
0x00050081,0x00000019,0x000024e6,0x0000246b,
0x000024e4,0x00050085,0x00000019,0x000024e9,
0x000020cc,0x000024e1,0x00050081,0x00000019,
0x000024eb,0x00002470,0x000024e9,0x00050085,
0x00000019,0x000024ee,0x000020ce,0x000024e1,
0x00050081,0x00000019,0x000024f0,0x00002475,
0x000024ee,0x00050081,0x00000019,0x000024f3,
0x00002478,0x000024e1,0x00050083,0x00000019,
0x000020d6,0x00000439,0x0000208a,0x0007004f,
0x00000019,0x000020e3,0x00002181,0x00002181,
0x00000000,0x00000001,0x0007004f,0x00000019,
0x000020e5,0x00002189,0x00002189,0x00000000,
0x00000001,0x0007004f,0x00000019,0x000020e7,
0x00002191,0x00002191,0x00000000,0x00000001,
0x00050085,0x00000019,0x00002521,0x000020d6,
0x000023af,0x00050081,0x00000019,0x00002526,
0x00002521,0x0000242f,0x00050085,0x00000019,
0x0000252b,0x000020d6,0x000023b9,0x00050081,
0x00000019,0x00002530,0x0000252b,0x00002439,
0x0005008e,0x00000019,0x00002534,0x00002526,
0x00002026,0x0005008e,0x00000019,0x00002538,
0x00002530,0x0000202b,0x00050085,0x00000019,
0x0000253b,0x00002534,0x00002534,0x00050085,
0x00000019,0x0000253e,0x00002538,0x00002538,
0x00050081,0x00000019,0x0000253f,0x0000253b,
0x0000253e,0x0007000c,0x00000019,0x00002543,
0x00000001,0x00000025,0x0000253f,0x00002401,
0x00050085,0x00000019,0x00002546,0x00002872,
0x00002543,0x00050081,0x00000019,0x00002548,
0x00002546,0x000003c4,0x00050085,0x00000019,
0x0000254c,0x0000240d,0x00002543,0x00050081,
0x00000019,0x0000254e,0x0000254c,0x000003c4,
0x00050085,0x00000019,0x00002551,0x00002548,
0x00002548,0x00050085,0x00000019,0x00002554,
0x0000254e,0x0000254e,0x00050085,0x00000019,
0x00002557,0x00002873,0x00002551,0x00050081,
0x00000019,0x00002559,0x00002557,0x00002874,
0x00050085,0x00000019,0x0000255c,0x00002559,
0x00002554,0x00050085,0x00000019,0x0000255f,
0x000020e3,0x0000255c,0x00050081,0x00000019,
0x00002561,0x000024e6,0x0000255f,0x00050085,
0x00000019,0x00002564,0x000020e5,0x0000255c,
0x00050081,0x00000019,0x00002566,0x000024eb,
0x00002564,0x00050085,0x00000019,0x00002569,
0x000020e7,0x0000255c,0x00050081,0x00000019,
0x0000256b,0x000024f0,0x00002569,0x00050081,
0x00000019,0x0000256e,0x000024f3,0x0000255c,
0x00050083,0x00000019,0x000020ef,0x00000460,
0x0000208a,0x0007004f,0x00000019,0x000020fc,
0x00002181,0x00002181,0x00000002,0x00000003,
0x0007004f,0x00000019,0x000020fe,0x00002189,
0x00002189,0x00000002,0x00000003,0x0007004f,
0x00000019,0x00002100,0x00002191,0x00002191,
0x00000002,0x00000003,0x00050085,0x00000019,
0x0000259c,0x000020ef,0x000023af,0x00050081,
0x00000019,0x000025a1,0x0000259c,0x000024aa,
0x00050085,0x00000019,0x000025a6,0x000020ef,
0x000023b9,0x00050081,0x00000019,0x000025ab,
0x000025a6,0x000024b4,0x0005008e,0x00000019,
0x000025af,0x000025a1,0x00002026,0x0005008e,
0x00000019,0x000025b3,0x000025ab,0x0000202b,
0x00050085,0x00000019,0x000025b6,0x000025af,
0x000025af,0x00050085,0x00000019,0x000025b9,
0x000025b3,0x000025b3,0x00050081,0x00000019,
0x000025ba,0x000025b6,0x000025b9,0x0007000c,
0x00000019,0x000025be,0x00000001,0x00000025,
0x000025ba,0x00002401,0x00050085,0x00000019,
0x000025c1,0x00002872,0x000025be,0x00050081,
0x00000019,0x000025c3,0x000025c1,0x000003c4,
0x00050085,0x00000019,0x000025c7,0x0000240d,
0x000025be,0x00050081,0x00000019,0x000025c9,
0x000025c7,0x000003c4,0x00050085,0x00000019,
0x000025cc,0x000025c3,0x000025c3,0x00050085,
0x00000019,0x000025cf,0x000025c9,0x000025c9,
0x00050085,0x00000019,0x000025d2,0x00002873,
0x000025cc,0x00050081,0x00000019,0x000025d4,
0x000025d2,0x00002874,0x00050085,0x00000019,
0x000025d7,0x000025d4,0x000025cf,0x00050085,
0x00000019,0x000025da,0x000020fc,0x000025d7,
0x00050081,0x00000019,0x000025dc,0x00002561,
0x000025da,0x00050085,0x00000019,0x000025df,
0x000020fe,0x000025d7,0x00050081,0x00000019,
0x000025e1,0x00002566,0x000025df,0x00050085,
0x00000019,0x000025e4,0x00002100,0x000025d7,
0x00050081,0x00000019,0x000025e6,0x0000256b,
0x000025e4,0x00050081,0x00000019,0x000025e9,
0x0000256e,0x000025d7,0x00050083,0x00000019,
0x00002108,0x00000170,0x0000208a,0x00050083,
0x00000019,0x0000210b,0x0000048a,0x0000208d,
0x0007004f,0x00000019,0x00002115,0x00002199,
0x00002199,0x00000002,0x00000003,0x0007004f,
0x00000019,0x00002117,0x000021a1,0x000021a1,
0x00000002,0x00000003,0x0007004f,0x00000019,
0x00002119,0x000021a9,0x000021a9,0x00000002,
0x00000003,0x00050085,0x00000019,0x00002617,
0x00002108,0x000023af,0x00050085,0x00000019,
0x0000261b,0x0000210b,0x000023b3,0x00050081,
0x00000019,0x0000261c,0x00002617,0x0000261b,
0x00050085,0x00000019,0x00002621,0x00002108,
0x000023b9,0x00050085,0x00000019,0x00002625,
0x0000210b,0x000023af,0x00050081,0x00000019,
0x00002626,0x00002621,0x00002625,0x0005008e,
0x00000019,0x0000262a,0x0000261c,0x00002026,
0x0005008e,0x00000019,0x0000262e,0x00002626,
0x0000202b,0x00050085,0x00000019,0x00002631,
0x0000262a,0x0000262a,0x00050085,0x00000019,
0x00002634,0x0000262e,0x0000262e,0x00050081,
0x00000019,0x00002635,0x00002631,0x00002634,
0x0007000c,0x00000019,0x00002639,0x00000001,
0x00000025,0x00002635,0x00002401,0x00050085,
0x00000019,0x0000263c,0x00002872,0x00002639,
0x00050081,0x00000019,0x0000263e,0x0000263c,
0x000003c4,0x00050085,0x00000019,0x00002642,
0x0000240d,0x00002639,0x00050081,0x00000019,
0x00002644,0x00002642,0x000003c4,0x00050085,
0x00000019,0x00002647,0x0000263e,0x0000263e,
0x00050085,0x00000019,0x0000264a,0x00002644,
0x00002644,0x00050085,0x00000019,0x0000264d,
0x00002873,0x00002647,0x00050081,0x00000019,
0x0000264f,0x0000264d,0x00002874,0x00050085,
0x00000019,0x00002652,0x0000264f,0x0000264a,
0x00050085,0x00000019,0x00002655,0x00002115,
0x00002652,0x00050081,0x00000019,0x00002657,
0x000025dc,0x00002655,0x00050085,0x00000019,
0x0000265a,0x00002117,0x00002652,0x00050081,
0x00000019,0x0000265c,0x000025e1,0x0000265a,
0x00050085,0x00000019,0x0000265f,0x00002119,
0x00002652,0x00050081,0x00000019,0x00002661,
0x000025e6,0x0000265f,0x00050081,0x00000019,
0x00002664,0x000025e9,0x00002652,0x00050051,
0x00000013,0x00002120,0x00002657,0x00000000,
0x00050051,0x00000013,0x00002122,0x00002657,
0x00000001,0x00050081,0x00000013,0x00002123,
0x00002120,0x00002122,0x00050051,0x00000013,
0x00002125,0x0000265c,0x00000000,0x00050051,
0x00000013,0x00002127,0x0000265c,0x00000001,
0x00050081,0x00000013,0x00002128,0x00002125,
0x00002127,0x00050051,0x00000013,0x0000212a,
0x00002661,0x00000000,0x00050051,0x00000013,
0x0000212c,0x00002661,0x00000001,0x00050081,
0x00000013,0x0000212d,0x0000212a,0x0000212c,
0x00060050,0x0000001e,0x0000212e,0x00002123,
0x00002128,0x0000212d,0x00050051,0x00000013,
0x00002130,0x00002664,0x00000000,0x00050051,
0x00000013,0x00002132,0x00002664,0x00000001,
0x00050081,0x00000013,0x00002133,0x00002130,
0x00002132,0x00050051,0x00000013,0x00002135,
0x0000204e,0x00000001,0x00050051,0x00000013,
0x00002137,0x00002069,0x00000001,0x00050051,
0x00000013,0x00002139,0x00002084,0x00000001,
0x00060050,0x0000001e,0x0000213a,0x00002135,
0x00002137,0x00002139,0x00050051,0x00000013,
0x0000213c,0x0000204e,0x00000000,0x00050051,
0x00000013,0x0000213e,0x00002069,0x00000000,
0x00050051,0x00000013,0x00002140,0x00002084,
0x00000000,0x00060050,0x0000001e,0x00002141,
0x0000213c,0x0000213e,0x00002140,0x0004007f,
0x0000001e,0x00002142,0x00002141,0x00050088,
0x00000013,0x00002686,0x000000a5,0x00002133,
0x00060050,0x0000001e,0x0000268d,0x00002686,
0x00002686,0x00002686,0x00050085,0x0000001e,
0x00002147,0x0000212e,0x0000268d,0x0007000c,
0x0000001e,0x00002148,0x00000001,0x00000028,
0x00002142,0x00002147,0x0007000c,0x0000001e,
0x00002149,0x00000001,0x00000025,0x0000213a,
0x00002148,0x0004003d,0x000004f4,0x00001e54,
0x000004f6,0x0004007c,0x000004f9,0x00001e56,
0x000027a7,0x00040073,0x000004fc,0x00001e58,
0x00002149,0x00050051,0x00000044,0x00001e59,
0x00001e58,0x00000000,0x00050051,0x00000044,
0x00001e5a,0x00001e58,0x00000001,0x00050051,
0x00000044,0x00001e5b,0x00001e58,0x00000002,
0x00070050,0x000000f0,0x00001e5c,0x00001e59,
0x00001e5a,0x00001e5b,0x000004fe,0x00040063,
0x00001e54,0x00001e56,0x00001e5c,0x000100fd,
0x00010038
};
